whoreg6,iso3,whoname,year,indicator,mean,low,upp,status,
5_Emr,AFG,Afghanistan,2000,clean,9%,2%,23%,,
5_Emr,AFG,Afghanistan,2000,polluting,91%,78%,98%,,
5_Emr,AFG,Afghanistan,2005,clean,13%,5%,27%,,
5_Emr,AFG,Afghanistan,2005,polluting,87%,73%,95%,,
5_Emr,AFG,Afghanistan,2010,clean,21%,11%,33%,,
5_Emr,AFG,Afghanistan,2010,polluting,79%,67%,89%,,
5_Emr,AFG,Afghanistan,2015,clean,30%,17%,44%,,
5_Emr,AFG,Afghanistan,2015,polluting,70%,56%,83%,,
5_Emr,AFG,Afghanistan,2016,clean,32%,18%,47%,,
5_Emr,AFG,Afghanistan,2016,polluting,68%,53%,82%,,
4_Eur,ALB,Albania,2000,clean,40%,17%,67%,,
4_Eur,ALB,Albania,2000,polluting,60%,33%,83%,,
4_Eur,ALB,Albania,2005,clean,53%,31%,75%,,
4_Eur,ALB,Albania,2005,polluting,47%,25%,69%,,
4_Eur,ALB,Albania,2010,clean,65%,41%,85%,,
4_Eur,ALB,Albania,2010,polluting,35%,15%,59%,,
4_Eur,ALB,Albania,2015,clean,75%,50%,93%,,
4_Eur,ALB,Albania,2015,polluting,25%,7%,50%,,
4_Eur,ALB,Albania,2016,clean,77%,51%,95%,,
4_Eur,ALB,Albania,2016,polluting,23%,5%,49%,,
1_Afr,DZA,Algeria,2000,clean,86%,26%,100%,,
1_Afr,DZA,Algeria,2000,polluting,14%,0%,74%,,
1_Afr,DZA,Algeria,2005,clean,91%,46%,100%,,
1_Afr,DZA,Algeria,2005,polluting,9%,0%,54%,,
1_Afr,DZA,Algeria,2010,clean,92%,43%,100%,,
1_Afr,DZA,Algeria,2010,polluting,8%,0%,57%,,
1_Afr,DZA,Algeria,2015,clean,93%,46%,100%,,
1_Afr,DZA,Algeria,2015,polluting,7%,0%,54%,,
1_Afr,DZA,Algeria,2016,clean,93%,40%,100%,,
1_Afr,DZA,Algeria,2016,polluting,7%,0%,60%,,
4_Eur,AND,Andorra,2000,clean,>95%,,,,
4_Eur,AND,Andorra,2000,polluting,<5%,,,,
4_Eur,AND,Andorra,2005,clean,>95%,,,,
4_Eur,AND,Andorra,2005,polluting,<5%,,,,
4_Eur,AND,Andorra,2010,clean,>95%,,,,
4_Eur,AND,Andorra,2010,polluting,<5%,,,,
4_Eur,AND,Andorra,2015,clean,>95%,,,,
4_Eur,AND,Andorra,2015,polluting,<5%,,,,
4_Eur,AND,Andorra,2016,clean,>95%,,,,
4_Eur,AND,Andorra,2016,polluting,<5%,,,,
1_Afr,AGO,Angola,2000,clean,37%,22%,53%,,
1_Afr,AGO,Angola,2000,polluting,63%,47%,78%,,
1_Afr,AGO,Angola,2005,clean,41%,28%,54%,,
1_Afr,AGO,Angola,2005,polluting,59%,46%,72%,,
1_Afr,AGO,Angola,2010,clean,44%,33%,56%,,
1_Afr,AGO,Angola,2010,polluting,56%,45%,67%,,
1_Afr,AGO,Angola,2015,clean,47%,36%,59%,,
1_Afr,AGO,Angola,2015,polluting,53%,41%,64%,,
1_Afr,AGO,Angola,2016,clean,48%,36%,60%,,
1_Afr,AGO,Angola,2016,polluting,52%,40%,64%,,
2_Amr,ATG,Antigua and Barbuda,2000,clean,>95%,,,,
2_Amr,ATG,Antigua and Barbuda,2000,polluting,<5%,,,,
2_Amr,ATG,Antigua and Barbuda,2005,clean,>95%,,,,
2_Amr,ATG,Antigua and Barbuda,2005,polluting,<5%,,,,
2_Amr,ATG,Antigua and Barbuda,2010,clean,>95%,,,,
2_Amr,ATG,Antigua and Barbuda,2010,polluting,<5%,,,,
2_Amr,ATG,Antigua and Barbuda,2015,clean,>95%,,,,
2_Amr,ATG,Antigua and Barbuda,2015,polluting,<5%,,,,
2_Amr,ATG,Antigua and Barbuda,2016,clean,>95%,,,,
2_Amr,ATG,Antigua and Barbuda,2016,polluting,<5%,,,,
2_Amr,ARG,Argentina,2000,clean,95%,87%,99%,,
2_Amr,ARG,Argentina,2000,polluting,5%,1%,13%,,
2_Amr,ARG,Argentina,2005,clean,>95%,,,,
2_Amr,ARG,Argentina,2005,polluting,<5%,,,,
2_Amr,ARG,Argentina,2010,clean,>95%,,,,
2_Amr,ARG,Argentina,2010,polluting,<5%,,,,
2_Amr,ARG,Argentina,2015,clean,>95%,,,,
2_Amr,ARG,Argentina,2015,polluting,<5%,,,,
2_Amr,ARG,Argentina,2016,clean,>95%,,,,
2_Amr,ARG,Argentina,2016,polluting,<5%,,,,
4_Eur,ARM,Armenia,2000,clean,82%,63%,95%,,
4_Eur,ARM,Armenia,2000,polluting,18%,5%,37%,,
4_Eur,ARM,Armenia,2005,clean,90%,74%,98%,,
4_Eur,ARM,Armenia,2005,polluting,10%,2%,26%,,
4_Eur,ARM,Armenia,2010,clean,94%,82%,99%,,
4_Eur,ARM,Armenia,2010,polluting,6%,1%,18%,,
4_Eur,ARM,Armenia,2015,clean,>95%,,,,
4_Eur,ARM,Armenia,2015,polluting,<5%,,,,
4_Eur,ARM,Armenia,2016,clean,>95%,,,,
4_Eur,ARM,Armenia,2016,polluting,<5%,,,,
6_Wpr,AUS,Australia,2000,clean,>95%,,,,
6_Wpr,AUS,Australia,2000,polluting,<5%,,,,
6_Wpr,AUS,Australia,2005,clean,>95%,,,,
6_Wpr,AUS,Australia,2005,polluting,<5%,,,,
6_Wpr,AUS,Australia,2010,clean,>95%,,,,
6_Wpr,AUS,Australia,2010,polluting,<5%,,,,
6_Wpr,AUS,Australia,2015,clean,>95%,,,,
6_Wpr,AUS,Australia,2015,polluting,<5%,,,,
6_Wpr,AUS,Australia,2016,clean,>95%,,,,
6_Wpr,AUS,Australia,2016,polluting,<5%,,,,
4_Eur,AUT,Austria,2000,clean,>95%,,,,
4_Eur,AUT,Austria,2000,polluting,<5%,,,,
4_Eur,AUT,Austria,2005,clean,>95%,,,,
4_Eur,AUT,Austria,2005,polluting,<5%,,,,
4_Eur,AUT,Austria,2010,clean,>95%,,,,
4_Eur,AUT,Austria,2010,polluting,<5%,,,,
4_Eur,AUT,Austria,2015,clean,>95%,,,,
4_Eur,AUT,Austria,2015,polluting,<5%,,,,
4_Eur,AUT,Austria,2016,clean,>95%,,,,
4_Eur,AUT,Austria,2016,polluting,<5%,,,,
4_Eur,AZE,Azerbaijan,2000,clean,73%,54%,89%,,
4_Eur,AZE,Azerbaijan,2000,polluting,27%,11%,46%,,
4_Eur,AZE,Azerbaijan,2005,clean,85%,67%,96%,,
4_Eur,AZE,Azerbaijan,2005,polluting,15%,4%,33%,,
4_Eur,AZE,Azerbaijan,2010,clean,91%,76%,99%,,
4_Eur,AZE,Azerbaijan,2010,polluting,9%,1%,24%,,
4_Eur,AZE,Azerbaijan,2015,clean,>95%,,,,
4_Eur,AZE,Azerbaijan,2015,polluting,<5%,,,,
4_Eur,AZE,Azerbaijan,2016,clean,>95%,,,,
4_Eur,AZE,Azerbaijan,2016,polluting,<5%,,,,
2_Amr,BHS,Bahamas,2000,clean,>95%,,,,
2_Amr,BHS,Bahamas,2000,polluting,<5%,,,,
2_Amr,BHS,Bahamas,2005,clean,>95%,,,,
2_Amr,BHS,Bahamas,2005,polluting,<5%,,,,
2_Amr,BHS,Bahamas,2010,clean,>95%,,,,
2_Amr,BHS,Bahamas,2010,polluting,<5%,,,,
2_Amr,BHS,Bahamas,2015,clean,>95%,,,,
2_Amr,BHS,Bahamas,2015,polluting,<5%,,,,
2_Amr,BHS,Bahamas,2016,clean,>95%,,,,
2_Amr,BHS,Bahamas,2016,polluting,<5%,,,,
5_Emr,BHR,Bahrain,2000,clean,>95%,,,,
5_Emr,BHR,Bahrain,2000,polluting,<5%,,,,
5_Emr,BHR,Bahrain,2005,clean,>95%,,,,
5_Emr,BHR,Bahrain,2005,polluting,<5%,,,,
5_Emr,BHR,Bahrain,2010,clean,>95%,,,,
5_Emr,BHR,Bahrain,2010,polluting,<5%,,,,
5_Emr,BHR,Bahrain,2015,clean,>95%,,,,
5_Emr,BHR,Bahrain,2015,polluting,<5%,,,,
5_Emr,BHR,Bahrain,2016,clean,>95%,,,,
5_Emr,BHR,Bahrain,2016,polluting,<5%,,,,
3_Sear,BGD,Bangladesh,2000,clean,7%,3%,13%,,
3_Sear,BGD,Bangladesh,2000,polluting,93%,87%,97%,,
3_Sear,BGD,Bangladesh,2005,clean,10%,5%,15%,,
3_Sear,BGD,Bangladesh,2005,polluting,90%,85%,95%,,
3_Sear,BGD,Bangladesh,2010,clean,13%,8%,19%,,
3_Sear,BGD,Bangladesh,2010,polluting,87%,81%,92%,,
3_Sear,BGD,Bangladesh,2015,clean,17%,10%,24%,,
3_Sear,BGD,Bangladesh,2015,polluting,83%,76%,90%,,
3_Sear,BGD,Bangladesh,2016,clean,18%,11%,25%,,
3_Sear,BGD,Bangladesh,2016,polluting,82%,75%,89%,,
2_Amr,BRB,Barbados,2000,clean,>95%,,,,
2_Amr,BRB,Barbados,2000,polluting,<5%,,,,
2_Amr,BRB,Barbados,2005,clean,>95%,,,,
2_Amr,BRB,Barbados,2005,polluting,<5%,,,,
2_Amr,BRB,Barbados,2010,clean,>95%,,,,
2_Amr,BRB,Barbados,2010,polluting,<5%,,,,
2_Amr,BRB,Barbados,2015,clean,>95%,,,,
2_Amr,BRB,Barbados,2015,polluting,<5%,,,,
2_Amr,BRB,Barbados,2016,clean,>95%,,,,
2_Amr,BRB,Barbados,2016,polluting,<5%,,,,
4_Eur,BLR,Belarus,2000,clean,94%,78%,100%,,
4_Eur,BLR,Belarus,2000,polluting,6%,0%,22%,,
4_Eur,BLR,Belarus,2005,clean,>95%,,,,
4_Eur,BLR,Belarus,2005,polluting,<5%,,,,
4_Eur,BLR,Belarus,2010,clean,>95%,,,,
4_Eur,BLR,Belarus,2010,polluting,<5%,,,,
4_Eur,BLR,Belarus,2015,clean,>95%,,,,
4_Eur,BLR,Belarus,2015,polluting,<5%,,,,
4_Eur,BLR,Belarus,2016,clean,>95%,,,,
4_Eur,BLR,Belarus,2016,polluting,<5%,,,,
4_Eur,BEL,Belgium,2000,clean,>95%,,,,
4_Eur,BEL,Belgium,2000,polluting,<5%,,,,
4_Eur,BEL,Belgium,2005,clean,>95%,,,,
4_Eur,BEL,Belgium,2005,polluting,<5%,,,,
4_Eur,BEL,Belgium,2010,clean,>95%,,,,
4_Eur,BEL,Belgium,2010,polluting,<5%,,,,
4_Eur,BEL,Belgium,2015,clean,>95%,,,,
4_Eur,BEL,Belgium,2015,polluting,<5%,,,,
4_Eur,BEL,Belgium,2016,clean,>95%,,,,
4_Eur,BEL,Belgium,2016,polluting,<5%,,,,
2_Amr,BLZ,Belize,2000,clean,78%,69%,86%,,
2_Amr,BLZ,Belize,2000,polluting,22%,14%,31%,,
2_Amr,BLZ,Belize,2005,clean,81%,73%,88%,,
2_Amr,BLZ,Belize,2005,polluting,19%,12%,27%,,
2_Amr,BLZ,Belize,2010,clean,83%,75%,90%,,
2_Amr,BLZ,Belize,2010,polluting,17%,10%,25%,,
2_Amr,BLZ,Belize,2015,clean,85%,77%,92%,,
2_Amr,BLZ,Belize,2015,polluting,15%,8%,23%,,
2_Amr,BLZ,Belize,2016,clean,85%,77%,92%,,
2_Amr,BLZ,Belize,2016,polluting,15%,8%,23%,,
1_Afr,BEN,Benin,2000,clean,<5%,,,,
1_Afr,BEN,Benin,2000,polluting,>95%,,,,
1_Afr,BEN,Benin,2005,clean,<5%,,,,
1_Afr,BEN,Benin,2005,polluting,>95%,,,,
1_Afr,BEN,Benin,2010,clean,<5%,,,,
1_Afr,BEN,Benin,2010,polluting,>95%,,,,
1_Afr,BEN,Benin,2015,clean,6%,1%,15%,,
1_Afr,BEN,Benin,2015,polluting,94%,85%,99%,,
1_Afr,BEN,Benin,2016,clean,6%,1%,16%,,
1_Afr,BEN,Benin,2016,polluting,94%,84%,99%,,
3_Sear,BTN,Bhutan,2000,clean,32%,6%,60%,,
3_Sear,BTN,Bhutan,2000,polluting,68%,40%,94%,,
3_Sear,BTN,Bhutan,2005,clean,40%,14%,66%,,
3_Sear,BTN,Bhutan,2005,polluting,60%,34%,86%,,
3_Sear,BTN,Bhutan,2010,clean,46%,19%,72%,,
3_Sear,BTN,Bhutan,2010,polluting,54%,28%,81%,,
3_Sear,BTN,Bhutan,2015,clean,52%,23%,79%,,
3_Sear,BTN,Bhutan,2015,polluting,48%,21%,77%,,
3_Sear,BTN,Bhutan,2016,clean,53%,21%,81%,,
3_Sear,BTN,Bhutan,2016,polluting,48%,19%,79%,,
2_Amr,BOL,Bolivia (Plurinational State of),2000,clean,63%,52%,73%,,
2_Amr,BOL,Bolivia (Plurinational State of),2000,polluting,37%,27%,48%,,
2_Amr,BOL,Bolivia (Plurinational State of),2005,clean,69%,59%,78%,,
2_Amr,BOL,Bolivia (Plurinational State of),2005,polluting,31%,22%,41%,,
2_Amr,BOL,Bolivia (Plurinational State of),2010,clean,75%,65%,83%,,
2_Amr,BOL,Bolivia (Plurinational State of),2010,polluting,25%,17%,35%,,
2_Amr,BOL,Bolivia (Plurinational State of),2015,clean,80%,70%,88%,,
2_Amr,BOL,Bolivia (Plurinational State of),2015,polluting,21%,12%,30%,,
2_Amr,BOL,Bolivia (Plurinational State of),2016,clean,80%,71%,88%,,
2_Amr,BOL,Bolivia (Plurinational State of),2016,polluting,20%,12%,29%,,
4_Eur,BIH,Bosnia and Herzegovina,2000,clean,38%,14%,64%,,
4_Eur,BIH,Bosnia and Herzegovina,2000,polluting,62%,36%,86%,,
4_Eur,BIH,Bosnia and Herzegovina,2005,clean,46%,23%,69%,,
4_Eur,BIH,Bosnia and Herzegovina,2005,polluting,54%,31%,77%,,
4_Eur,BIH,Bosnia and Herzegovina,2010,clean,54%,31%,77%,,
4_Eur,BIH,Bosnia and Herzegovina,2010,polluting,46%,23%,69%,,
4_Eur,BIH,Bosnia and Herzegovina,2015,clean,62%,38%,85%,,
4_Eur,BIH,Bosnia and Herzegovina,2015,polluting,38%,15%,62%,,
4_Eur,BIH,Bosnia and Herzegovina,2016,clean,63%,38%,86%,,
4_Eur,BIH,Bosnia and Herzegovina,2016,polluting,37%,14%,62%,,
1_Afr,BWA,Botswana,2000,clean,45%,31%,59%,,
1_Afr,BWA,Botswana,2000,polluting,55%,41%,69%,,
1_Afr,BWA,Botswana,2005,clean,52%,37%,67%,,
1_Afr,BWA,Botswana,2005,polluting,48%,33%,63%,,
1_Afr,BWA,Botswana,2010,clean,58%,41%,72%,,
1_Afr,BWA,Botswana,2010,polluting,42%,28%,59%,,
1_Afr,BWA,Botswana,2015,clean,63%,44%,79%,,
1_Afr,BWA,Botswana,2015,polluting,37%,21%,56%,,
1_Afr,BWA,Botswana,2016,clean,64%,45%,81%,,
1_Afr,BWA,Botswana,2016,polluting,36%,19%,55%,,
2_Amr,BRA,Brazil,2000,clean,87%,81%,92%,,
2_Amr,BRA,Brazil,2000,polluting,13%,8%,19%,,
2_Amr,BRA,Brazil,2005,clean,91%,86%,95%,,
2_Amr,BRA,Brazil,2005,polluting,9%,5%,14%,,
2_Amr,BRA,Brazil,2010,clean,94%,89%,97%,,
2_Amr,BRA,Brazil,2010,polluting,6%,3%,11%,,
2_Amr,BRA,Brazil,2015,clean,>95%,,,,
2_Amr,BRA,Brazil,2015,polluting,<5%,,,,
2_Amr,BRA,Brazil,2016,clean,>95%,,,,
2_Amr,BRA,Brazil,2016,polluting,<5%,,,,
6_Wpr,BRN,Brunei Darussalam,2000,clean,>95%,,,,
6_Wpr,BRN,Brunei Darussalam,2000,polluting,<5%,,,,
6_Wpr,BRN,Brunei Darussalam,2005,clean,>95%,,,,
6_Wpr,BRN,Brunei Darussalam,2005,polluting,<5%,,,,
6_Wpr,BRN,Brunei Darussalam,2010,clean,>95%,,,,
6_Wpr,BRN,Brunei Darussalam,2010,polluting,<5%,,,,
6_Wpr,BRN,Brunei Darussalam,2015,clean,>95%,,,,
6_Wpr,BRN,Brunei Darussalam,2015,polluting,<5%,,,,
6_Wpr,BRN,Brunei Darussalam,2016,clean,>95%,,,,
6_Wpr,BRN,Brunei Darussalam,2016,polluting,<5%,,,,
4_Eur,BGR,Bulgaria,2000,clean,65%,58%,71%,,
4_Eur,BGR,Bulgaria,2000,polluting,35%,29%,42%,,
4_Eur,BGR,Bulgaria,2005,clean,80%,63%,93%,,
4_Eur,BGR,Bulgaria,2005,polluting,20%,7%,37%,,
4_Eur,BGR,Bulgaria,2010,clean,86%,54%,99%,,
4_Eur,BGR,Bulgaria,2010,polluting,14%,1%,46%,,
4_Eur,BGR,Bulgaria,2015,clean,88%,45%,100%,,
4_Eur,BGR,Bulgaria,2015,polluting,12%,0%,55%,,
4_Eur,BGR,Bulgaria,2016,clean,89%,43%,100%,,
4_Eur,BGR,Bulgaria,2016,polluting,11%,0%,57%,,
1_Afr,BFA,Burkina Faso,2000,clean,<5%,,,,
1_Afr,BFA,Burkina Faso,2000,polluting,>95%,,,,
1_Afr,BFA,Burkina Faso,2005,clean,<5%,,,,
1_Afr,BFA,Burkina Faso,2005,polluting,>95%,,,,
1_Afr,BFA,Burkina Faso,2010,clean,6%,2%,11%,,
1_Afr,BFA,Burkina Faso,2010,polluting,94%,89%,98%,,
1_Afr,BFA,Burkina Faso,2015,clean,8%,4%,14%,,
1_Afr,BFA,Burkina Faso,2015,polluting,92%,86%,96%,,
1_Afr,BFA,Burkina Faso,2016,clean,9%,4%,15%,,
1_Afr,BFA,Burkina Faso,2016,polluting,91%,85%,96%,,
1_Afr,BDI,Burundi,2000,clean,<5%,,,,
1_Afr,BDI,Burundi,2000,polluting,>95%,,,,
1_Afr,BDI,Burundi,2005,clean,<5%,,,,
1_Afr,BDI,Burundi,2005,polluting,>95%,,,,
1_Afr,BDI,Burundi,2010,clean,<5%,,,,
1_Afr,BDI,Burundi,2010,polluting,>95%,,,,
1_Afr,BDI,Burundi,2015,clean,<5%,,,,
1_Afr,BDI,Burundi,2015,polluting,>95%,,,,
1_Afr,BDI,Burundi,2016,clean,<5%,,,,
1_Afr,BDI,Burundi,2016,polluting,>95%,,,,
1_Afr,CPV,Cabo Verde,2000,clean,57%,32%,69%,,
1_Afr,CPV,Cabo Verde,2000,polluting,43%,31%,68%,,
1_Afr,CPV,Cabo Verde,2005,clean,63%,38%,74%,,
1_Afr,CPV,Cabo Verde,2005,polluting,37%,26%,62%,,
1_Afr,CPV,Cabo Verde,2010,clean,67%,40%,78%,,
1_Afr,CPV,Cabo Verde,2010,polluting,33%,22%,60%,,
1_Afr,CPV,Cabo Verde,2015,clean,71%,37%,82%,,
1_Afr,CPV,Cabo Verde,2015,polluting,29%,18%,63%,,
1_Afr,CPV,Cabo Verde,2016,clean,71%,37%,83%,,
1_Afr,CPV,Cabo Verde,2016,polluting,29%,17%,63%,,
6_Wpr,KHM,Cambodia,2000,clean,<5%,,,,
6_Wpr,KHM,Cambodia,2000,polluting,>95%,,,,
6_Wpr,KHM,Cambodia,2005,clean,7%,3%,14%,,
6_Wpr,KHM,Cambodia,2005,polluting,93%,86%,97%,,
6_Wpr,KHM,Cambodia,2010,clean,11%,6%,19%,,
6_Wpr,KHM,Cambodia,2010,polluting,89%,81%,94%,,
6_Wpr,KHM,Cambodia,2015,clean,16%,9%,26%,,
6_Wpr,KHM,Cambodia,2015,polluting,84%,74%,91%,,
6_Wpr,KHM,Cambodia,2016,clean,18%,10%,27%,,
6_Wpr,KHM,Cambodia,2016,polluting,82%,73%,90%,,
1_Afr,CMR,Cameroon,2000,clean,10%,1%,20%,,
1_Afr,CMR,Cameroon,2000,polluting,90%,80%,99%,,
1_Afr,CMR,Cameroon,2005,clean,14%,4%,23%,,
1_Afr,CMR,Cameroon,2005,polluting,87%,77%,96%,,
1_Afr,CMR,Cameroon,2010,clean,18%,5%,28%,,
1_Afr,CMR,Cameroon,2010,polluting,82%,72%,95%,,
1_Afr,CMR,Cameroon,2015,clean,22%,7%,34%,,
1_Afr,CMR,Cameroon,2015,polluting,78%,66%,93%,,
1_Afr,CMR,Cameroon,2016,clean,23%,7%,36%,,
1_Afr,CMR,Cameroon,2016,polluting,77%,64%,93%,,
2_Amr,CAN,Canada,2000,clean,>95%,,,,
2_Amr,CAN,Canada,2000,polluting,<5%,,,,
2_Amr,CAN,Canada,2005,clean,>95%,,,,
2_Amr,CAN,Canada,2005,polluting,<5%,,,,
2_Amr,CAN,Canada,2010,clean,>95%,,,,
2_Amr,CAN,Canada,2010,polluting,<5%,,,,
2_Amr,CAN,Canada,2015,clean,>95%,,,,
2_Amr,CAN,Canada,2015,polluting,<5%,,,,
2_Amr,CAN,Canada,2016,clean,>95%,,,,
2_Amr,CAN,Canada,2016,polluting,<5%,,,,
1_Afr,CAF,Central African Republic,2000,clean,<5%,,,,
1_Afr,CAF,Central African Republic,2000,polluting,>95%,,,,
1_Afr,CAF,Central African Republic,2005,clean,<5%,,,,
1_Afr,CAF,Central African Republic,2005,polluting,>95%,,,,
1_Afr,CAF,Central African Republic,2010,clean,<5%,,,,
1_Afr,CAF,Central African Republic,2010,polluting,>95%,,,,
1_Afr,CAF,Central African Republic,2015,clean,<5%,,,,
1_Afr,CAF,Central African Republic,2015,polluting,>95%,,,,
1_Afr,CAF,Central African Republic,2016,clean,<5%,,,,
1_Afr,CAF,Central African Republic,2016,polluting,>95%,,,,
1_Afr,TCD,Chad,2000,clean,<5%,,,,
1_Afr,TCD,Chad,2000,polluting,>95%,,,,
1_Afr,TCD,Chad,2005,clean,<5%,,,,
1_Afr,TCD,Chad,2005,polluting,>95%,,,,
1_Afr,TCD,Chad,2010,clean,<5%,,,,
1_Afr,TCD,Chad,2010,polluting,>95%,,,,
1_Afr,TCD,Chad,2015,clean,<5%,,,,
1_Afr,TCD,Chad,2015,polluting,>95%,,,,
1_Afr,TCD,Chad,2016,clean,<5%,,,,
1_Afr,TCD,Chad,2016,polluting,>95%,,,,
2_Amr,CHL,Chile,2000,clean,86%,75%,95%,,
2_Amr,CHL,Chile,2000,polluting,14%,5%,25%,,
2_Amr,CHL,Chile,2005,clean,89%,79%,96%,,
2_Amr,CHL,Chile,2005,polluting,11%,4%,21%,,
2_Amr,CHL,Chile,2010,clean,91%,80%,98%,,
2_Amr,CHL,Chile,2010,polluting,9%,2%,20%,,
2_Amr,CHL,Chile,2015,clean,92%,78%,99%,,
2_Amr,CHL,Chile,2015,polluting,8%,1%,22%,,
2_Amr,CHL,Chile,2016,clean,92%,79%,99%,,
2_Amr,CHL,Chile,2016,polluting,8%,1%,21%,,
6_Wpr,CHN,China,2000,clean,47%,25%,70%,,
6_Wpr,CHN,China,2000,polluting,53%,30%,75%,,
6_Wpr,CHN,China,2005,clean,51%,30%,71%,,
6_Wpr,CHN,China,2005,polluting,49%,29%,70%,,
6_Wpr,CHN,China,2010,clean,55%,33%,75%,,
6_Wpr,CHN,China,2010,polluting,45%,25%,67%,,
6_Wpr,CHN,China,2015,clean,59%,34%,81%,,
6_Wpr,CHN,China,2015,polluting,41%,19%,66%,,
6_Wpr,CHN,China,2016,clean,59%,33%,82%,,
6_Wpr,CHN,China,2016,polluting,41%,18%,67%,,
2_Amr,COL,Colombia,2000,clean,80%,69%,88%,,
2_Amr,COL,Colombia,2000,polluting,20%,12%,31%,,
2_Amr,COL,Colombia,2005,clean,85%,76%,92%,,
2_Amr,COL,Colombia,2005,polluting,15%,8%,24%,,
2_Amr,COL,Colombia,2010,clean,88%,79%,95%,,
2_Amr,COL,Colombia,2010,polluting,12%,5%,21%,,
2_Amr,COL,Colombia,2015,clean,91%,83%,97%,,
2_Amr,COL,Colombia,2015,polluting,9%,3%,17%,,
2_Amr,COL,Colombia,2016,clean,92%,84%,97%,,
2_Amr,COL,Colombia,2016,polluting,8%,3%,16%,,
1_Afr,COM,Comoros,2000,clean,<5%,,,,
1_Afr,COM,Comoros,2000,polluting,>95%,,,,
1_Afr,COM,Comoros,2005,clean,<5%,,,,
1_Afr,COM,Comoros,2005,polluting,>95%,,,,
1_Afr,COM,Comoros,2010,clean,<5%,,,,
1_Afr,COM,Comoros,2010,polluting,>95%,,,,
1_Afr,COM,Comoros,2015,clean,8%,2%,19%,,
1_Afr,COM,Comoros,2015,polluting,92%,81%,98%,,
1_Afr,COM,Comoros,2016,clean,9%,2%,21%,,
1_Afr,COM,Comoros,2016,polluting,91%,79%,98%,,
1_Afr,COG,Congo,2000,clean,10%,3%,22%,,
1_Afr,COG,Congo,2000,polluting,90%,78%,97%,,
1_Afr,COG,Congo,2005,clean,13%,5%,24%,,
1_Afr,COG,Congo,2005,polluting,87%,76%,95%,,
1_Afr,COG,Congo,2010,clean,18%,8%,29%,,
1_Afr,COG,Congo,2010,polluting,82%,71%,92%,,
1_Afr,COG,Congo,2015,clean,23%,11%,38%,,
1_Afr,COG,Congo,2015,polluting,77%,62%,89%,,
1_Afr,COG,Congo,2016,clean,24%,11%,39%,,
1_Afr,COG,Congo,2016,polluting,76%,61%,89%,,
6_Wpr,COK,Cook Islands,2000,clean,83%,65%,95%,,
6_Wpr,COK,Cook Islands,2000,polluting,17%,5%,35%,,
6_Wpr,COK,Cook Islands,2005,clean,85%,67%,96%,,
6_Wpr,COK,Cook Islands,2005,polluting,15%,4%,33%,,
6_Wpr,COK,Cook Islands,2010,clean,85%,67%,97%,,
6_Wpr,COK,Cook Islands,2010,polluting,15%,3%,33%,,
6_Wpr,COK,Cook Islands,2015,clean,85%,63%,98%,,
6_Wpr,COK,Cook Islands,2015,polluting,15%,2%,37%,,
6_Wpr,COK,Cook Islands,2016,clean,84%,62%,98%,,
6_Wpr,COK,Cook Islands,2016,polluting,16%,2%,38%,,
2_Amr,CRI,Costa Rica,2000,clean,88%,78%,95%,,
2_Amr,CRI,Costa Rica,2000,polluting,12%,5%,22%,,
2_Amr,CRI,Costa Rica,2005,clean,90%,82%,96%,,
2_Amr,CRI,Costa Rica,2005,polluting,10%,4%,18%,,
2_Amr,CRI,Costa Rica,2010,clean,92%,85%,97%,,
2_Amr,CRI,Costa Rica,2010,polluting,8%,3%,15%,,
2_Amr,CRI,Costa Rica,2015,clean,93%,86%,98%,,
2_Amr,CRI,Costa Rica,2015,polluting,7%,2%,14%,,
2_Amr,CRI,Costa Rica,2016,clean,93%,86%,98%,,
2_Amr,CRI,Costa Rica,2016,polluting,7%,2%,14%,,
1_Afr,CIV,Côte d'Ivoire,2000,clean,18%,6%,34%,,
1_Afr,CIV,Côte d'Ivoire,2000,polluting,82%,66%,94%,,
1_Afr,CIV,Côte d'Ivoire,2005,clean,18%,7%,32%,,
1_Afr,CIV,Côte d'Ivoire,2005,polluting,82%,68%,93%,,
1_Afr,CIV,Côte d'Ivoire,2010,clean,18%,7%,32%,,
1_Afr,CIV,Côte d'Ivoire,2010,polluting,82%,68%,93%,,
1_Afr,CIV,Côte d'Ivoire,2015,clean,18%,6%,34%,,
1_Afr,CIV,Côte d'Ivoire,2015,polluting,82%,66%,94%,,
1_Afr,CIV,Côte d'Ivoire,2016,clean,18%,6%,35%,,
1_Afr,CIV,Côte d'Ivoire,2016,polluting,82%,65%,94%,,
4_Eur,HRV,Croatia,2000,clean,80%,55%,97%,,
4_Eur,HRV,Croatia,2000,polluting,20%,3%,45%,,
4_Eur,HRV,Croatia,2005,clean,86%,65%,98%,,
4_Eur,HRV,Croatia,2005,polluting,14%,2%,35%,,
4_Eur,HRV,Croatia,2010,clean,90%,71%,99%,,
4_Eur,HRV,Croatia,2010,polluting,10%,1%,29%,,
4_Eur,HRV,Croatia,2015,clean,92%,76%,100%,,
4_Eur,HRV,Croatia,2015,polluting,8%,0%,24%,,
4_Eur,HRV,Croatia,2016,clean,93%,76%,100%,,
4_Eur,HRV,Croatia,2016,polluting,7%,0%,24%,,
2_Amr,CUB,Cuba,2000,clean,68%,4%,100%,,
2_Amr,CUB,Cuba,2000,polluting,32%,0%,96%,,
2_Amr,CUB,Cuba,2005,clean,73%,6%,100%,,
2_Amr,CUB,Cuba,2005,polluting,27%,0%,94%,,
2_Amr,CUB,Cuba,2010,clean,77%,8%,100%,,
2_Amr,CUB,Cuba,2010,polluting,23%,0%,92%,,
2_Amr,CUB,Cuba,2015,clean,79%,11%,100%,,
2_Amr,CUB,Cuba,2015,polluting,21%,0%,89%,,
2_Amr,CUB,Cuba,2016,clean,79%,11%,100%,,
2_Amr,CUB,Cuba,2016,polluting,21%,0%,89%,,
4_Eur,CYP,Cyprus,2000,clean,>95%,,,,
4_Eur,CYP,Cyprus,2000,polluting,<5%,,,,
4_Eur,CYP,Cyprus,2005,clean,>95%,,,,
4_Eur,CYP,Cyprus,2005,polluting,<5%,,,,
4_Eur,CYP,Cyprus,2010,clean,>95%,,,,
4_Eur,CYP,Cyprus,2010,polluting,<5%,,,,
4_Eur,CYP,Cyprus,2015,clean,>95%,,,,
4_Eur,CYP,Cyprus,2015,polluting,<5%,,,,
4_Eur,CYP,Cyprus,2016,clean,>95%,,,,
4_Eur,CYP,Cyprus,2016,polluting,<5%,,,,
4_Eur,CZE,Czechia,2000,clean,93%,77%,99%,,
4_Eur,CZE,Czechia,2000,polluting,7%,1%,23%,,
4_Eur,CZE,Czechia,2005,clean,>95%,,,,
4_Eur,CZE,Czechia,2005,polluting,<5%,,,,
4_Eur,CZE,Czechia,2010,clean,>95%,,,,
4_Eur,CZE,Czechia,2010,polluting,<5%,,,,
4_Eur,CZE,Czechia,2015,clean,>95%,,,,
4_Eur,CZE,Czechia,2015,polluting,<5%,,,,
4_Eur,CZE,Czechia,2016,clean,>95%,,,,
4_Eur,CZE,Czechia,2016,polluting,<5%,,,,
3_Sear,PRK,Democratic People's Republic of Korea,2000,clean,<5%,,,,
3_Sear,PRK,Democratic People's Republic of Korea,2000,polluting,>95%,,,,
3_Sear,PRK,Democratic People's Republic of Korea,2005,clean,<5%,,,,
3_Sear,PRK,Democratic People's Republic of Korea,2005,polluting,>95%,,,,
3_Sear,PRK,Democratic People's Republic of Korea,2010,clean,7%,0%,26%,,
3_Sear,PRK,Democratic People's Republic of Korea,2010,polluting,93%,74%,100%,,
3_Sear,PRK,Democratic People's Republic of Korea,2015,clean,10%,0%,34%,,
3_Sear,PRK,Democratic People's Republic of Korea,2015,polluting,90%,66%,100%,,
3_Sear,PRK,Democratic People's Republic of Korea,2016,clean,11%,0%,35%,,
3_Sear,PRK,Democratic People's Republic of Korea,2016,polluting,89%,65%,100%,,
1_Afr,COD,Democratic Republic of the Congo,2000,clean,<5%,,,,
1_Afr,COD,Democratic Republic of the Congo,2000,polluting,>95%,,,,
1_Afr,COD,Democratic Republic of the Congo,2005,clean,<5%,,,,
1_Afr,COD,Democratic Republic of the Congo,2005,polluting,>95%,,,,
1_Afr,COD,Democratic Republic of the Congo,2010,clean,<5%,,,,
1_Afr,COD,Democratic Republic of the Congo,2010,polluting,>95%,,,,
1_Afr,COD,Democratic Republic of the Congo,2015,clean,<5%,,,,
1_Afr,COD,Democratic Republic of the Congo,2015,polluting,>95%,,,,
1_Afr,COD,Democratic Republic of the Congo,2016,clean,<5%,,,,
1_Afr,COD,Democratic Republic of the Congo,2016,polluting,>95%,,,,
4_Eur,DNK,Denmark,2000,clean,>95%,,,,
4_Eur,DNK,Denmark,2000,polluting,<5%,,,,
4_Eur,DNK,Denmark,2005,clean,>95%,,,,
4_Eur,DNK,Denmark,2005,polluting,<5%,,,,
4_Eur,DNK,Denmark,2010,clean,>95%,,,,
4_Eur,DNK,Denmark,2010,polluting,<5%,,,,
4_Eur,DNK,Denmark,2015,clean,>95%,,,,
4_Eur,DNK,Denmark,2015,polluting,<5%,,,,
4_Eur,DNK,Denmark,2016,clean,>95%,,,,
4_Eur,DNK,Denmark,2016,polluting,<5%,,,,
5_Emr,DJI,Djibouti,2000,clean,5%,2%,10%,,
5_Emr,DJI,Djibouti,2000,polluting,95%,90%,98%,,
5_Emr,DJI,Djibouti,2005,clean,6%,3%,12%,,
5_Emr,DJI,Djibouti,2005,polluting,94%,88%,97%,,
5_Emr,DJI,Djibouti,2010,clean,8%,3%,18%,,
5_Emr,DJI,Djibouti,2010,polluting,92%,82%,97%,,
5_Emr,DJI,Djibouti,2015,clean,11%,3%,28%,,
5_Emr,DJI,Djibouti,2015,polluting,89%,72%,97%,,
5_Emr,DJI,Djibouti,2016,clean,12%,3%,32%,,
5_Emr,DJI,Djibouti,2016,polluting,88%,68%,97%,,
2_Amr,DMA,Dominica,2000,clean,78%,64%,90%,,
2_Amr,DMA,Dominica,2000,polluting,22%,10%,36%,,
2_Amr,DMA,Dominica,2005,clean,84%,74%,92%,,
2_Amr,DMA,Dominica,2005,polluting,16%,8%,26%,,
2_Amr,DMA,Dominica,2010,clean,87%,78%,95%,,
2_Amr,DMA,Dominica,2010,polluting,13%,5%,22%,,
2_Amr,DMA,Dominica,2015,clean,90%,80%,97%,,
2_Amr,DMA,Dominica,2015,polluting,10%,3%,20%,,
2_Amr,DMA,Dominica,2016,clean,91%,81%,97%,,
2_Amr,DMA,Dominica,2016,polluting,9%,3%,20%,,
2_Amr,DOM,Dominican Republic,2000,clean,80%,71%,88%,,
2_Amr,DOM,Dominican Republic,2000,polluting,20%,12%,29%,,
2_Amr,DOM,Dominican Republic,2005,clean,84%,75%,91%,,
2_Amr,DOM,Dominican Republic,2005,polluting,16%,9%,25%,,
2_Amr,DOM,Dominican Republic,2010,clean,87%,79%,94%,,
2_Amr,DOM,Dominican Republic,2010,polluting,13%,6%,21%,,
2_Amr,DOM,Dominican Republic,2015,clean,90%,82%,96%,,
2_Amr,DOM,Dominican Republic,2015,polluting,10%,4%,18%,,
2_Amr,DOM,Dominican Republic,2016,clean,90%,82%,96%,,
2_Amr,DOM,Dominican Republic,2016,polluting,10%,4%,18%,,
2_Amr,ECU,Ecuador,2000,clean,87%,74%,96%,,
2_Amr,ECU,Ecuador,2000,polluting,13%,4%,26%,,
2_Amr,ECU,Ecuador,2005,clean,91%,79%,98%,,
2_Amr,ECU,Ecuador,2005,polluting,9%,2%,21%,,
2_Amr,ECU,Ecuador,2010,clean,94%,83%,99%,,
2_Amr,ECU,Ecuador,2010,polluting,6%,1%,17%,,
2_Amr,ECU,Ecuador,2015,clean,>95%,,,,
2_Amr,ECU,Ecuador,2015,polluting,<5%,,,,
2_Amr,ECU,Ecuador,2016,clean,>95%,,,,
2_Amr,ECU,Ecuador,2016,polluting,<5%,,,,
5_Emr,EGY,Egypt,2000,clean,83%,47%,99%,,
5_Emr,EGY,Egypt,2000,polluting,17%,1%,53%,,
5_Emr,EGY,Egypt,2005,clean,92%,66%,100%,,
5_Emr,EGY,Egypt,2005,polluting,8%,0%,34%,,
5_Emr,EGY,Egypt,2010,clean,>95%,,,,
5_Emr,EGY,Egypt,2010,polluting,<5%,,,,
5_Emr,EGY,Egypt,2015,clean,>95%,,,,
5_Emr,EGY,Egypt,2015,polluting,<5%,,,,
5_Emr,EGY,Egypt,2016,clean,>95%,,,,
5_Emr,EGY,Egypt,2016,polluting,<5%,,,,
2_Amr,SLV,El Salvador,2000,clean,57%,40%,73%,,
2_Amr,SLV,El Salvador,2000,polluting,43%,27%,60%,,
2_Amr,SLV,El Salvador,2005,clean,68%,53%,82%,,
2_Amr,SLV,El Salvador,2005,polluting,32%,18%,47%,,
2_Amr,SLV,El Salvador,2010,clean,78%,64%,90%,,
2_Amr,SLV,El Salvador,2010,polluting,22%,10%,36%,,
2_Amr,SLV,El Salvador,2015,clean,85%,72%,94%,,
2_Amr,SLV,El Salvador,2015,polluting,15%,6%,28%,,
2_Amr,SLV,El Salvador,2016,clean,86%,73%,95%,,
2_Amr,SLV,El Salvador,2016,polluting,14%,5%,27%,,
1_Afr,GNQ,Equatorial Guinea,2000,clean,23%,0%,67%,,
1_Afr,GNQ,Equatorial Guinea,2000,polluting,77%,33%,100%,,
1_Afr,GNQ,Equatorial Guinea,2005,clean,26%,0%,67%,,
1_Afr,GNQ,Equatorial Guinea,2005,polluting,74%,33%,100%,,
1_Afr,GNQ,Equatorial Guinea,2010,clean,31%,0%,70%,,
1_Afr,GNQ,Equatorial Guinea,2010,polluting,69%,30%,100%,,
1_Afr,GNQ,Equatorial Guinea,2015,clean,34%,0%,74%,,
1_Afr,GNQ,Equatorial Guinea,2015,polluting,66%,26%,100%,,
1_Afr,GNQ,Equatorial Guinea,2016,clean,34%,0%,76%,,
1_Afr,GNQ,Equatorial Guinea,2016,polluting,66%,24%,100%,,
1_Afr,ERI,Eritrea,2000,clean,6%,0%,20%,,
1_Afr,ERI,Eritrea,2000,polluting,94%,80%,100%,,
1_Afr,ERI,Eritrea,2005,clean,9%,0%,25%,,
1_Afr,ERI,Eritrea,2005,polluting,91%,75%,100%,,
1_Afr,ERI,Eritrea,2010,clean,12%,0%,31%,,
1_Afr,ERI,Eritrea,2010,polluting,88%,69%,100%,,
1_Afr,ERI,Eritrea,2015,clean,16%,0%,38%,,
1_Afr,ERI,Eritrea,2015,polluting,84%,62%,100%,,
1_Afr,ERI,Eritrea,2016,clean,16%,0%,38%,,
1_Afr,ERI,Eritrea,2016,polluting,84%,62%,100%,,
4_Eur,EST,Estonia,2000,clean,79%,58%,96%,,
4_Eur,EST,Estonia,2000,polluting,21%,4%,42%,,
4_Eur,EST,Estonia,2005,clean,86%,67%,98%,,
4_Eur,EST,Estonia,2005,polluting,14%,2%,33%,,
4_Eur,EST,Estonia,2010,clean,90%,74%,99%,,
4_Eur,EST,Estonia,2010,polluting,10%,1%,26%,,
4_Eur,EST,Estonia,2015,clean,93%,77%,100%,,
4_Eur,EST,Estonia,2015,polluting,7%,0%,23%,,
4_Eur,EST,Estonia,2016,clean,93%,76%,100%,,
4_Eur,EST,Estonia,2016,polluting,7%,0%,24%,,
1_Afr,ETH,Ethiopia,2000,clean,<5%,,,,
1_Afr,ETH,Ethiopia,2000,polluting,>95%,,,,
1_Afr,ETH,Ethiopia,2005,clean,<5%,,,,
1_Afr,ETH,Ethiopia,2005,polluting,>95%,,,,
1_Afr,ETH,Ethiopia,2010,clean,<5%,,,,
1_Afr,ETH,Ethiopia,2010,polluting,>95%,,,,
1_Afr,ETH,Ethiopia,2015,clean,<5%,,,,
1_Afr,ETH,Ethiopia,2015,polluting,>95%,,,,
1_Afr,ETH,Ethiopia,2016,clean,<5%,,,,
1_Afr,ETH,Ethiopia,2016,polluting,>95%,,,,
6_Wpr,FJI,Fiji,2000,clean,31%,14%,51%,,
6_Wpr,FJI,Fiji,2000,polluting,69%,49%,86%,,
6_Wpr,FJI,Fiji,2005,clean,34%,16%,56%,,
6_Wpr,FJI,Fiji,2005,polluting,66%,44%,84%,,
6_Wpr,FJI,Fiji,2010,clean,37%,14%,63%,,
6_Wpr,FJI,Fiji,2010,polluting,63%,37%,86%,,
6_Wpr,FJI,Fiji,2015,clean,39%,12%,70%,,
6_Wpr,FJI,Fiji,2015,polluting,61%,30%,88%,,
6_Wpr,FJI,Fiji,2016,clean,40%,11%,71%,,
6_Wpr,FJI,Fiji,2016,polluting,60%,29%,89%,,
4_Eur,FIN,Finland,2000,clean,>95%,,,,
4_Eur,FIN,Finland,2000,polluting,<5%,,,,
4_Eur,FIN,Finland,2005,clean,>95%,,,,
4_Eur,FIN,Finland,2005,polluting,<5%,,,,
4_Eur,FIN,Finland,2010,clean,>95%,,,,
4_Eur,FIN,Finland,2010,polluting,<5%,,,,
4_Eur,FIN,Finland,2015,clean,>95%,,,,
4_Eur,FIN,Finland,2015,polluting,<5%,,,,
4_Eur,FIN,Finland,2016,clean,>95%,,,,
4_Eur,FIN,Finland,2016,polluting,<5%,,,,
4_Eur,FRA,France,2000,clean,>95%,,,,
4_Eur,FRA,France,2000,polluting,<5%,,,,
4_Eur,FRA,France,2005,clean,>95%,,,,
4_Eur,FRA,France,2005,polluting,<5%,,,,
4_Eur,FRA,France,2010,clean,>95%,,,,
4_Eur,FRA,France,2010,polluting,<5%,,,,
4_Eur,FRA,France,2015,clean,>95%,,,,
4_Eur,FRA,France,2015,polluting,<5%,,,,
4_Eur,FRA,France,2016,clean,>95%,,,,
4_Eur,FRA,France,2016,polluting,<5%,,,,
1_Afr,GAB,Gabon,2000,clean,59%,28%,76%,,
1_Afr,GAB,Gabon,2000,polluting,41%,24%,72%,,
1_Afr,GAB,Gabon,2005,clean,67%,39%,82%,,
1_Afr,GAB,Gabon,2005,polluting,33%,18%,61%,,
1_Afr,GAB,Gabon,2010,clean,74%,45%,87%,,
1_Afr,GAB,Gabon,2010,polluting,26%,13%,55%,,
1_Afr,GAB,Gabon,2015,clean,78%,46%,91%,,
1_Afr,GAB,Gabon,2015,polluting,22%,9%,54%,,
1_Afr,GAB,Gabon,2016,clean,79%,45%,92%,,
1_Afr,GAB,Gabon,2016,polluting,21%,8%,55%,,
1_Afr,GMB,Gambia,2000,clean,<5%,,,,
1_Afr,GMB,Gambia,2000,polluting,>95%,,,,
1_Afr,GMB,Gambia,2005,clean,<5%,,,,
1_Afr,GMB,Gambia,2005,polluting,>95%,,,,
1_Afr,GMB,Gambia,2010,clean,<5%,,,,
1_Afr,GMB,Gambia,2010,polluting,>95%,,,,
1_Afr,GMB,Gambia,2015,clean,<5%,,,,
1_Afr,GMB,Gambia,2015,polluting,>95%,,,,
1_Afr,GMB,Gambia,2016,clean,<5%,,,,
1_Afr,GMB,Gambia,2016,polluting,>95%,,,,
4_Eur,GEO,Georgia,2000,clean,41%,22%,62%,,
4_Eur,GEO,Georgia,2000,polluting,59%,38%,78%,,
4_Eur,GEO,Georgia,2005,clean,54%,35%,71%,,
4_Eur,GEO,Georgia,2005,polluting,46%,29%,65%,,
4_Eur,GEO,Georgia,2010,clean,66%,48%,83%,,
4_Eur,GEO,Georgia,2010,polluting,34%,17%,52%,,
4_Eur,GEO,Georgia,2015,clean,76%,57%,91%,,
4_Eur,GEO,Georgia,2015,polluting,24%,9%,43%,,
4_Eur,GEO,Georgia,2016,clean,78%,58%,93%,,
4_Eur,GEO,Georgia,2016,polluting,22%,7%,42%,,
4_Eur,DEU,Germany,2000,clean,>95%,,,,
4_Eur,DEU,Germany,2000,polluting,<5%,,,,
4_Eur,DEU,Germany,2005,clean,>95%,,,,
4_Eur,DEU,Germany,2005,polluting,<5%,,,,
4_Eur,DEU,Germany,2010,clean,>95%,,,,
4_Eur,DEU,Germany,2010,polluting,<5%,,,,
4_Eur,DEU,Germany,2015,clean,>95%,,,,
4_Eur,DEU,Germany,2015,polluting,<5%,,,,
4_Eur,DEU,Germany,2016,clean,>95%,,,,
4_Eur,DEU,Germany,2016,polluting,<5%,,,,
1_Afr,GHA,Ghana,2000,clean,6%,2%,13%,,
1_Afr,GHA,Ghana,2000,polluting,94%,87%,98%,,
1_Afr,GHA,Ghana,2005,clean,9%,3%,17%,,
1_Afr,GHA,Ghana,2005,polluting,91%,83%,97%,,
1_Afr,GHA,Ghana,2010,clean,14%,6%,23%,,
1_Afr,GHA,Ghana,2010,polluting,86%,77%,94%,,
1_Afr,GHA,Ghana,2015,clean,20%,10%,31%,,
1_Afr,GHA,Ghana,2015,polluting,80%,69%,90%,,
1_Afr,GHA,Ghana,2016,clean,22%,11%,33%,,
1_Afr,GHA,Ghana,2016,polluting,78%,67%,89%,,
4_Eur,GRC,Greece,2000,clean,88%,37%,100%,,
4_Eur,GRC,Greece,2000,polluting,12%,0%,63%,,
4_Eur,GRC,Greece,2005,clean,92%,50%,100%,,
4_Eur,GRC,Greece,2005,polluting,8%,0%,50%,,
4_Eur,GRC,Greece,2010,clean,94%,58%,100%,,
4_Eur,GRC,Greece,2010,polluting,6%,0%,42%,,
4_Eur,GRC,Greece,2015,clean,94%,58%,100%,,
4_Eur,GRC,Greece,2015,polluting,6%,0%,42%,,
4_Eur,GRC,Greece,2016,clean,94%,58%,100%,,
4_Eur,GRC,Greece,2016,polluting,6%,0%,42%,,
2_Amr,GRD,Grenada,2000,clean,93%,86%,98%,,
2_Amr,GRD,Grenada,2000,polluting,7%,2%,14%,,
2_Amr,GRD,Grenada,2005,clean,95%,89%,99%,,
2_Amr,GRD,Grenada,2005,polluting,5%,1%,11%,,
2_Amr,GRD,Grenada,2010,clean,>95%,,,,
2_Amr,GRD,Grenada,2010,polluting,<5%,,,,
2_Amr,GRD,Grenada,2015,clean,>95%,,,,
2_Amr,GRD,Grenada,2015,polluting,<5%,,,,
2_Amr,GRD,Grenada,2016,clean,>95%,,,,
2_Amr,GRD,Grenada,2016,polluting,<5%,,,,
2_Amr,GTM,Guatemala,2000,clean,39%,30%,50%,,
2_Amr,GTM,Guatemala,2000,polluting,61%,50%,70%,,
2_Amr,GTM,Guatemala,2005,clean,42%,33%,51%,,
2_Amr,GTM,Guatemala,2005,polluting,58%,49%,67%,,
2_Amr,GTM,Guatemala,2010,clean,43%,34%,52%,,
2_Amr,GTM,Guatemala,2010,polluting,57%,48%,66%,,
2_Amr,GTM,Guatemala,2015,clean,45%,36%,55%,,
2_Amr,GTM,Guatemala,2015,polluting,55%,45%,64%,,
2_Amr,GTM,Guatemala,2016,clean,45%,36%,55%,,
2_Amr,GTM,Guatemala,2016,polluting,55%,45%,64%,,
1_Afr,GIN,Guinea,2000,clean,<5%,,,,
1_Afr,GIN,Guinea,2000,polluting,>95%,,,,
1_Afr,GIN,Guinea,2005,clean,<5%,,,,
1_Afr,GIN,Guinea,2005,polluting,>95%,,,,
1_Afr,GIN,Guinea,2010,clean,<5%,,,,
1_Afr,GIN,Guinea,2010,polluting,>95%,,,,
1_Afr,GIN,Guinea,2015,clean,<5%,,,,
1_Afr,GIN,Guinea,2015,polluting,>95%,,,,
1_Afr,GIN,Guinea,2016,clean,<5%,,,,
1_Afr,GIN,Guinea,2016,polluting,>95%,,,,
1_Afr,GNB,Guinea-Bissau,2000,clean,<5%,,,,
1_Afr,GNB,Guinea-Bissau,2000,polluting,>95%,,,,
1_Afr,GNB,Guinea-Bissau,2005,clean,<5%,,,,
1_Afr,GNB,Guinea-Bissau,2005,polluting,>95%,,,,
1_Afr,GNB,Guinea-Bissau,2010,clean,<5%,,,,
1_Afr,GNB,Guinea-Bissau,2010,polluting,>95%,,,,
1_Afr,GNB,Guinea-Bissau,2015,clean,<5%,,,,
1_Afr,GNB,Guinea-Bissau,2015,polluting,>95%,,,,
1_Afr,GNB,Guinea-Bissau,2016,clean,<5%,,,,
1_Afr,GNB,Guinea-Bissau,2016,polluting,>95%,,,,
2_Amr,GUY,Guyana,2000,clean,36%,24%,49%,,
2_Amr,GUY,Guyana,2000,polluting,64%,51%,76%,,
2_Amr,GUY,Guyana,2005,clean,49%,37%,61%,,
2_Amr,GUY,Guyana,2005,polluting,51%,39%,63%,,
2_Amr,GUY,Guyana,2010,clean,62%,49%,73%,,
2_Amr,GUY,Guyana,2010,polluting,38%,27%,51%,,
2_Amr,GUY,Guyana,2015,clean,73%,59%,84%,,
2_Amr,GUY,Guyana,2015,polluting,27%,16%,41%,,
2_Amr,GUY,Guyana,2016,clean,74%,61%,86%,,
2_Amr,GUY,Guyana,2016,polluting,26%,14%,39%,,
2_Amr,HTI,Haiti,2000,clean,<5%,,,,
2_Amr,HTI,Haiti,2000,polluting,>95%,,,,
2_Amr,HTI,Haiti,2005,clean,<5%,,,,
2_Amr,HTI,Haiti,2005,polluting,>95%,,,,
2_Amr,HTI,Haiti,2010,clean,<5%,,,,
2_Amr,HTI,Haiti,2010,polluting,>95%,,,,
2_Amr,HTI,Haiti,2015,clean,<5%,,,,
2_Amr,HTI,Haiti,2015,polluting,>95%,,,,
2_Amr,HTI,Haiti,2016,clean,<5%,,,,
2_Amr,HTI,Haiti,2016,polluting,>95%,,,,
2_Amr,HND,Honduras,2000,clean,30%,20%,41%,,
2_Amr,HND,Honduras,2000,polluting,70%,59%,80%,,
2_Amr,HND,Honduras,2005,clean,38%,29%,48%,,
2_Amr,HND,Honduras,2005,polluting,62%,52%,71%,,
2_Amr,HND,Honduras,2010,clean,46%,35%,57%,,
2_Amr,HND,Honduras,2010,polluting,54%,43%,65%,,
2_Amr,HND,Honduras,2015,clean,52%,38%,66%,,
2_Amr,HND,Honduras,2015,polluting,48%,34%,62%,,
2_Amr,HND,Honduras,2016,clean,53%,38%,68%,,
2_Amr,HND,Honduras,2016,polluting,47%,32%,62%,,
4_Eur,HUN,Hungary,2000,clean,>95%,,,,
4_Eur,HUN,Hungary,2000,polluting,<5%,,,,
4_Eur,HUN,Hungary,2005,clean,>95%,,,,
4_Eur,HUN,Hungary,2005,polluting,<5%,,,,
4_Eur,HUN,Hungary,2010,clean,>95%,,,,
4_Eur,HUN,Hungary,2010,polluting,<5%,,,,
4_Eur,HUN,Hungary,2015,clean,>95%,,,,
4_Eur,HUN,Hungary,2015,polluting,<5%,,,,
4_Eur,HUN,Hungary,2016,clean,>95%,,,,
4_Eur,HUN,Hungary,2016,polluting,<5%,,,,
4_Eur,ISL,Iceland,2000,clean,>95%,,,,
4_Eur,ISL,Iceland,2000,polluting,<5%,,,,
4_Eur,ISL,Iceland,2005,clean,>95%,,,,
4_Eur,ISL,Iceland,2005,polluting,<5%,,,,
4_Eur,ISL,Iceland,2010,clean,>95%,,,,
4_Eur,ISL,Iceland,2010,polluting,<5%,,,,
4_Eur,ISL,Iceland,2015,clean,>95%,,,,
4_Eur,ISL,Iceland,2015,polluting,<5%,,,,
4_Eur,ISL,Iceland,2016,clean,>95%,,,,
4_Eur,ISL,Iceland,2016,polluting,<5%,,,,
3_Sear,IND,India,2000,clean,22%,7%,41%, 1 ,
3_Sear,IND,India,2000,polluting,78%,59%,93%, 1 ,
3_Sear,IND,India,2005,clean,28%,12%,48%, 1 ,
3_Sear,IND,India,2005,polluting,72%,52%,88%, 1 ,
3_Sear,IND,India,2010,clean,34%,16%,55%, 1 ,
3_Sear,IND,India,2010,polluting,66%,45%,84%, 1 ,
3_Sear,IND,India,2015,clean,40%,19%,62%, 1 ,
3_Sear,IND,India,2015,polluting,60%,38%,81%, 1 ,
3_Sear,IND,India,2016,clean,41%,20%,64%, 1 ,
3_Sear,IND,India,2016,polluting,59%,36%,80%, 1 ,
3_Sear,IDN,Indonesia,2000,clean,5%,0%,19%,,
3_Sear,IDN,Indonesia,2000,polluting,95%,81%,100%,,
3_Sear,IDN,Indonesia,2005,clean,18%,5%,37%,,
3_Sear,IDN,Indonesia,2005,polluting,82%,63%,95%,,
3_Sear,IDN,Indonesia,2010,clean,40%,21%,58%,,
3_Sear,IDN,Indonesia,2010,polluting,60%,42%,79%,,
3_Sear,IDN,Indonesia,2015,clean,56%,37%,73%,,
3_Sear,IDN,Indonesia,2015,polluting,44%,27%,63%,,
3_Sear,IDN,Indonesia,2016,clean,58%,40%,74%,,
3_Sear,IDN,Indonesia,2016,polluting,42%,26%,60%,,
5_Emr,IRN,Iran (Islamic Republic of),2000,clean,86%,53%,99%,,
5_Emr,IRN,Iran (Islamic Republic of),2000,polluting,14%,1%,47%,,
5_Emr,IRN,Iran (Islamic Republic of),2005,clean,94%,83%,99%,,
5_Emr,IRN,Iran (Islamic Republic of),2005,polluting,6%,1%,17%,,
5_Emr,IRN,Iran (Islamic Republic of),2010,clean,>95%,,,,
5_Emr,IRN,Iran (Islamic Republic of),2010,polluting,<5%,,,,
5_Emr,IRN,Iran (Islamic Republic of),2015,clean,>95%,,,,
5_Emr,IRN,Iran (Islamic Republic of),2015,polluting,<5%,,,,
5_Emr,IRN,Iran (Islamic Republic of),2016,clean,>95%,,,,
5_Emr,IRN,Iran (Islamic Republic of),2016,polluting,<5%,,,,
5_Emr,IRQ,Iraq,2000,clean,75%,44%,95%,,
5_Emr,IRQ,Iraq,2000,polluting,25%,5%,56%,,
5_Emr,IRQ,Iraq,2005,clean,89%,76%,97%,,
5_Emr,IRQ,Iraq,2005,polluting,11%,3%,24%,,
5_Emr,IRQ,Iraq,2010,clean,>95%,,,,
5_Emr,IRQ,Iraq,2010,polluting,<5%,,,,
5_Emr,IRQ,Iraq,2015,clean,>95%,,,,
5_Emr,IRQ,Iraq,2015,polluting,<5%,,,,
5_Emr,IRQ,Iraq,2016,clean,>95%,,,,
5_Emr,IRQ,Iraq,2016,polluting,<5%,,,,
4_Eur,IRL,Ireland,2000,clean,>95%,,,,
4_Eur,IRL,Ireland,2000,polluting,<5%,,,,
4_Eur,IRL,Ireland,2005,clean,>95%,,,,
4_Eur,IRL,Ireland,2005,polluting,<5%,,,,
4_Eur,IRL,Ireland,2010,clean,>95%,,,,
4_Eur,IRL,Ireland,2010,polluting,<5%,,,,
4_Eur,IRL,Ireland,2015,clean,>95%,,,,
4_Eur,IRL,Ireland,2015,polluting,<5%,,,,
4_Eur,IRL,Ireland,2016,clean,>95%,,,,
4_Eur,IRL,Ireland,2016,polluting,<5%,,,,
4_Eur,ISR,Israel,2000,clean,>95%,,, 1 ,
4_Eur,ISR,Israel,2000,polluting,<5%,,, 1 ,
4_Eur,ISR,Israel,2005,clean,>95%,,, 1 ,
4_Eur,ISR,Israel,2005,polluting,<5%,,, 1 ,
4_Eur,ISR,Israel,2010,clean,>95%,,, 1 ,
4_Eur,ISR,Israel,2010,polluting,<5%,,, 1 ,
4_Eur,ISR,Israel,2015,clean,>95%,,, 1 ,
4_Eur,ISR,Israel,2015,polluting,<5%,,, 1 ,
4_Eur,ISR,Israel,2016,clean,>95%,,, 1 ,
4_Eur,ISR,Israel,2016,polluting,<5%,,, 1 ,
4_Eur,ITA,Italy,2000,clean,>95%,,,,
4_Eur,ITA,Italy,2000,polluting,<5%,,,,
4_Eur,ITA,Italy,2005,clean,>95%,,,,
4_Eur,ITA,Italy,2005,polluting,<5%,,,,
4_Eur,ITA,Italy,2010,clean,>95%,,,,
4_Eur,ITA,Italy,2010,polluting,<5%,,,,
4_Eur,ITA,Italy,2015,clean,>95%,,,,
4_Eur,ITA,Italy,2015,polluting,<5%,,,,
4_Eur,ITA,Italy,2016,clean,>95%,,,,
4_Eur,ITA,Italy,2016,polluting,<5%,,,,
2_Amr,JAM,Jamaica,2000,clean,73%,61%,84%,,
2_Amr,JAM,Jamaica,2000,polluting,27%,16%,39%,,
2_Amr,JAM,Jamaica,2005,clean,81%,69%,90%,,
2_Amr,JAM,Jamaica,2005,polluting,19%,10%,31%,,
2_Amr,JAM,Jamaica,2010,clean,86%,76%,94%,,
2_Amr,JAM,Jamaica,2010,polluting,14%,6%,24%,,
2_Amr,JAM,Jamaica,2015,clean,90%,80%,97%,,
2_Amr,JAM,Jamaica,2015,polluting,10%,3%,20%,,
2_Amr,JAM,Jamaica,2016,clean,91%,81%,97%,,
2_Amr,JAM,Jamaica,2016,polluting,10%,3%,19%,,
6_Wpr,JPN,Japan,2000,clean,>95%,,,,
6_Wpr,JPN,Japan,2000,polluting,<5%,,,,
6_Wpr,JPN,Japan,2005,clean,>95%,,,,
6_Wpr,JPN,Japan,2005,polluting,<5%,,,,
6_Wpr,JPN,Japan,2010,clean,>95%,,,,
6_Wpr,JPN,Japan,2010,polluting,<5%,,,,
6_Wpr,JPN,Japan,2015,clean,>95%,,,,
6_Wpr,JPN,Japan,2015,polluting,<5%,,,,
6_Wpr,JPN,Japan,2016,clean,>95%,,,,
6_Wpr,JPN,Japan,2016,polluting,<5%,,,,
5_Emr,JOR,Jordan,2000,clean,>95%,,,,
5_Emr,JOR,Jordan,2000,polluting,<5%,,,,
5_Emr,JOR,Jordan,2005,clean,>95%,,,,
5_Emr,JOR,Jordan,2005,polluting,<5%,,,,
5_Emr,JOR,Jordan,2010,clean,>95%,,,,
5_Emr,JOR,Jordan,2010,polluting,<5%,,,,
5_Emr,JOR,Jordan,2015,clean,>95%,,,,
5_Emr,JOR,Jordan,2015,polluting,<5%,,,,
5_Emr,JOR,Jordan,2016,clean,>95%,,,,
5_Emr,JOR,Jordan,2016,polluting,<5%,,,,
4_Eur,KAZ,Kazakhstan,2000,clean,83%,62%,97%,,
4_Eur,KAZ,Kazakhstan,2000,polluting,17%,3%,38%,,
4_Eur,KAZ,Kazakhstan,2005,clean,89%,70%,99%,,
4_Eur,KAZ,Kazakhstan,2005,polluting,11%,1%,30%,,
4_Eur,KAZ,Kazakhstan,2010,clean,93%,79%,99%,,
4_Eur,KAZ,Kazakhstan,2010,polluting,7%,1%,21%,,
4_Eur,KAZ,Kazakhstan,2015,clean,>95%,,,,
4_Eur,KAZ,Kazakhstan,2015,polluting,<5%,,,,
4_Eur,KAZ,Kazakhstan,2016,clean,>95%,,,,
4_Eur,KAZ,Kazakhstan,2016,polluting,<5%,,,,
1_Afr,KEN,Kenya,2000,clean,<5%,,,,
1_Afr,KEN,Kenya,2000,polluting,>95%,,,,
1_Afr,KEN,Kenya,2005,clean,<5%,,,,
1_Afr,KEN,Kenya,2005,polluting,>95%,,,,
1_Afr,KEN,Kenya,2010,clean,8%,3%,17%,,
1_Afr,KEN,Kenya,2010,polluting,92%,83%,97%,,
1_Afr,KEN,Kenya,2015,clean,13%,5%,24%,,
1_Afr,KEN,Kenya,2015,polluting,87%,76%,95%,,
1_Afr,KEN,Kenya,2016,clean,13%,5%,25%,,
1_Afr,KEN,Kenya,2016,polluting,87%,75%,95%,,
6_Wpr,KIR,Kiribati,2000,clean,<5%,,,,
6_Wpr,KIR,Kiribati,2000,polluting,>95%,,,,
6_Wpr,KIR,Kiribati,2005,clean,<5%,,,,
6_Wpr,KIR,Kiribati,2005,polluting,>95%,,,,
6_Wpr,KIR,Kiribati,2010,clean,<5%,,,,
6_Wpr,KIR,Kiribati,2010,polluting,>95%,,,,
6_Wpr,KIR,Kiribati,2015,clean,<5%,,,,
6_Wpr,KIR,Kiribati,2015,polluting,>95%,,,,
6_Wpr,KIR,Kiribati,2016,clean,6%,0%,18%,,
6_Wpr,KIR,Kiribati,2016,polluting,94%,82%,100%,,
5_Emr,KWT,Kuwait,2000,clean,>95%,,,,
5_Emr,KWT,Kuwait,2000,polluting,<5%,,,,
5_Emr,KWT,Kuwait,2005,clean,>95%,,,,
5_Emr,KWT,Kuwait,2005,polluting,<5%,,,,
5_Emr,KWT,Kuwait,2010,clean,>95%,,,,
5_Emr,KWT,Kuwait,2010,polluting,<5%,,,,
5_Emr,KWT,Kuwait,2015,clean,>95%,,,,
5_Emr,KWT,Kuwait,2015,polluting,<5%,,,,
5_Emr,KWT,Kuwait,2016,clean,>95%,,,,
5_Emr,KWT,Kuwait,2016,polluting,<5%,,,,
4_Eur,KGZ,Kyrgyzstan,2000,clean,52%,23%,80%,,
4_Eur,KGZ,Kyrgyzstan,2000,polluting,48%,20%,77%,,
4_Eur,KGZ,Kyrgyzstan,2005,clean,62%,35%,86%,,
4_Eur,KGZ,Kyrgyzstan,2005,polluting,38%,14%,65%,,
4_Eur,KGZ,Kyrgyzstan,2010,clean,72%,49%,91%,,
4_Eur,KGZ,Kyrgyzstan,2010,polluting,28%,9%,51%,,
4_Eur,KGZ,Kyrgyzstan,2015,clean,80%,58%,95%,,
4_Eur,KGZ,Kyrgyzstan,2015,polluting,20%,5%,42%,,
4_Eur,KGZ,Kyrgyzstan,2016,clean,81%,59%,96%,,
4_Eur,KGZ,Kyrgyzstan,2016,polluting,19%,4%,41%,,
6_Wpr,LAO,Lao People's Democratic Republic,2000,clean,<5%,,,,
6_Wpr,LAO,Lao People's Democratic Republic,2000,polluting,>95%,,,,
6_Wpr,LAO,Lao People's Democratic Republic,2005,clean,<5%,,,,
6_Wpr,LAO,Lao People's Democratic Republic,2005,polluting,>95%,,,,
6_Wpr,LAO,Lao People's Democratic Republic,2010,clean,<5%,,,,
6_Wpr,LAO,Lao People's Democratic Republic,2010,polluting,>95%,,,,
6_Wpr,LAO,Lao People's Democratic Republic,2015,clean,6%,0%,17%,,
6_Wpr,LAO,Lao People's Democratic Republic,2015,polluting,94%,83%,100%,,
6_Wpr,LAO,Lao People's Democratic Republic,2016,clean,6%,0%,18%,,
6_Wpr,LAO,Lao People's Democratic Republic,2016,polluting,94%,82%,100%,,
4_Eur,LVA,Latvia,2000,clean,86%,70%,97%,,
4_Eur,LVA,Latvia,2000,polluting,14%,3%,30%,,
4_Eur,LVA,Latvia,2005,clean,90%,79%,99%,,
4_Eur,LVA,Latvia,2005,polluting,10%,1%,21%,,
4_Eur,LVA,Latvia,2010,clean,93%,82%,99%,,
4_Eur,LVA,Latvia,2010,polluting,7%,1%,18%,,
4_Eur,LVA,Latvia,2015,clean,>95%,,,,
4_Eur,LVA,Latvia,2015,polluting,<5%,,,,
4_Eur,LVA,Latvia,2016,clean,>95%,,,,
4_Eur,LVA,Latvia,2016,polluting,<5%,,,,
5_Emr,LBN,Lebanon,2000,clean,NA,NA,NA,,
5_Emr,LBN,Lebanon,2000,polluting,NA,NA,NA,,
5_Emr,LBN,Lebanon,2005,clean,NA,NA,NA,,
5_Emr,LBN,Lebanon,2005,polluting,NA,NA,NA,,
5_Emr,LBN,Lebanon,2010,clean,NA,NA,NA,,
5_Emr,LBN,Lebanon,2010,polluting,NA,NA,NA,,
5_Emr,LBN,Lebanon,2015,clean,NA,NA,NA,,
5_Emr,LBN,Lebanon,2015,polluting,NA,NA,NA,,
5_Emr,LBN,Lebanon,2016,clean,NA,NA,NA,,
5_Emr,LBN,Lebanon,2016,polluting,NA,NA,NA,,
1_Afr,LSO,Lesotho,2000,clean,18%,3%,36%,,
1_Afr,LSO,Lesotho,2000,polluting,82%,64%,97%,,
1_Afr,LSO,Lesotho,2005,clean,24%,7%,40%,,
1_Afr,LSO,Lesotho,2005,polluting,76%,60%,93%,,
1_Afr,LSO,Lesotho,2010,clean,30%,11%,45%,,
1_Afr,LSO,Lesotho,2010,polluting,70%,55%,89%,,
1_Afr,LSO,Lesotho,2015,clean,35%,15%,50%,,
1_Afr,LSO,Lesotho,2015,polluting,65%,50%,85%,,
1_Afr,LSO,Lesotho,2016,clean,36%,16%,51%,,
1_Afr,LSO,Lesotho,2016,polluting,64%,49%,84%,,
1_Afr,LBR,Liberia,2000,clean,<5%,,,,
1_Afr,LBR,Liberia,2000,polluting,>95%,,,,
1_Afr,LBR,Liberia,2005,clean,<5%,,,,
1_Afr,LBR,Liberia,2005,polluting,>95%,,,,
1_Afr,LBR,Liberia,2010,clean,<5%,,,,
1_Afr,LBR,Liberia,2010,polluting,>95%,,,,
1_Afr,LBR,Liberia,2015,clean,<5%,,,,
1_Afr,LBR,Liberia,2015,polluting,>95%,,,,
1_Afr,LBR,Liberia,2016,clean,<5%,,,,
1_Afr,LBR,Liberia,2016,polluting,>95%,,,,
5_Emr,LBY,Libya,2000,clean,NA,NA,NA,,
5_Emr,LBY,Libya,2000,polluting,NA,NA,NA,,
5_Emr,LBY,Libya,2005,clean,NA,NA,NA,,
5_Emr,LBY,Libya,2005,polluting,NA,NA,NA,,
5_Emr,LBY,Libya,2010,clean,NA,NA,NA,,
5_Emr,LBY,Libya,2010,polluting,NA,NA,NA,,
5_Emr,LBY,Libya,2015,clean,NA,NA,NA,,
5_Emr,LBY,Libya,2015,polluting,NA,NA,NA,,
5_Emr,LBY,Libya,2016,clean,NA,NA,NA,,
5_Emr,LBY,Libya,2016,polluting,NA,NA,NA,,
4_Eur,LTU,Lithuania,2000,clean,>95%,,, 1 ,
4_Eur,LTU,Lithuania,2000,polluting,<5%,,, 1 ,
4_Eur,LTU,Lithuania,2005,clean,>95%,,, 1 ,
4_Eur,LTU,Lithuania,2005,polluting,<5%,,, 1 ,
4_Eur,LTU,Lithuania,2010,clean,>95%,,, 1 ,
4_Eur,LTU,Lithuania,2010,polluting,<5%,,, 1 ,
4_Eur,LTU,Lithuania,2015,clean,>95%,,, 1 ,
4_Eur,LTU,Lithuania,2015,polluting,<5%,,, 1 ,
4_Eur,LTU,Lithuania,2016,clean,>95%,,, 1 ,
4_Eur,LTU,Lithuania,2016,polluting,<5%,,, 1 ,
4_Eur,LUX,Luxembourg,2000,clean,>95%,,,,
4_Eur,LUX,Luxembourg,2000,polluting,<5%,,,,
4_Eur,LUX,Luxembourg,2005,clean,>95%,,,,
4_Eur,LUX,Luxembourg,2005,polluting,<5%,,,,
4_Eur,LUX,Luxembourg,2010,clean,>95%,,,,
4_Eur,LUX,Luxembourg,2010,polluting,<5%,,,,
4_Eur,LUX,Luxembourg,2015,clean,>95%,,,,
4_Eur,LUX,Luxembourg,2015,polluting,<5%,,,,
4_Eur,LUX,Luxembourg,2016,clean,>95%,,,,
4_Eur,LUX,Luxembourg,2016,polluting,<5%,,,,
1_Afr,MDG,Madagascar,2000,clean,<5%,,,,
1_Afr,MDG,Madagascar,2000,polluting,>95%,,,,
1_Afr,MDG,Madagascar,2005,clean,<5%,,,,
1_Afr,MDG,Madagascar,2005,polluting,>95%,,,,
1_Afr,MDG,Madagascar,2010,clean,<5%,,,,
1_Afr,MDG,Madagascar,2010,polluting,>95%,,,,
1_Afr,MDG,Madagascar,2015,clean,<5%,,,,
1_Afr,MDG,Madagascar,2015,polluting,>95%,,,,
1_Afr,MDG,Madagascar,2016,clean,<5%,,,,
1_Afr,MDG,Madagascar,2016,polluting,>95%,,,,
1_Afr,MWI,Malawi,2000,clean,<5%,,,,
1_Afr,MWI,Malawi,2000,polluting,>95%,,,,
1_Afr,MWI,Malawi,2005,clean,<5%,,,,
1_Afr,MWI,Malawi,2005,polluting,>95%,,,,
1_Afr,MWI,Malawi,2010,clean,<5%,,,,
1_Afr,MWI,Malawi,2010,polluting,>95%,,,,
1_Afr,MWI,Malawi,2015,clean,<5%,,,,
1_Afr,MWI,Malawi,2015,polluting,>95%,,,,
1_Afr,MWI,Malawi,2016,clean,<5%,,,,
1_Afr,MWI,Malawi,2016,polluting,>95%,,,,
6_Wpr,MYS,Malaysia,2000,clean,95%,80%,100%,,
6_Wpr,MYS,Malaysia,2000,polluting,5%,0%,20%,,
6_Wpr,MYS,Malaysia,2005,clean,>95%,,,,
6_Wpr,MYS,Malaysia,2005,polluting,<5%,,,,
6_Wpr,MYS,Malaysia,2010,clean,>95%,,,,
6_Wpr,MYS,Malaysia,2010,polluting,<5%,,,,
6_Wpr,MYS,Malaysia,2015,clean,>95%,,,,
6_Wpr,MYS,Malaysia,2015,polluting,<5%,,,,
6_Wpr,MYS,Malaysia,2016,clean,>95%,,,,
6_Wpr,MYS,Malaysia,2016,polluting,<5%,,,,
3_Sear,MDV,Maldives,2000,clean,32%,7%,65%,,
3_Sear,MDV,Maldives,2000,polluting,68%,35%,93%,,
3_Sear,MDV,Maldives,2005,clean,65%,36%,86%,,
3_Sear,MDV,Maldives,2005,polluting,35%,14%,64%,,
3_Sear,MDV,Maldives,2010,clean,84%,61%,96%,,
3_Sear,MDV,Maldives,2010,polluting,16%,4%,39%,,
3_Sear,MDV,Maldives,2015,clean,93%,77%,99%,,
3_Sear,MDV,Maldives,2015,polluting,7%,1%,23%,,
3_Sear,MDV,Maldives,2016,clean,94%,78%,100%,,
3_Sear,MDV,Maldives,2016,polluting,6%,0%,22%,,
1_Afr,MLI,Mali,2000,clean,<5%,,,,
1_Afr,MLI,Mali,2000,polluting,>95%,,,,
1_Afr,MLI,Mali,2005,clean,<5%,,,,
1_Afr,MLI,Mali,2005,polluting,>95%,,,,
1_Afr,MLI,Mali,2010,clean,<5%,,,,
1_Afr,MLI,Mali,2010,polluting,>95%,,,,
1_Afr,MLI,Mali,2015,clean,<5%,,,,
1_Afr,MLI,Mali,2015,polluting,>95%,,,,
1_Afr,MLI,Mali,2016,clean,<5%,,,,
1_Afr,MLI,Mali,2016,polluting,>95%,,,,
4_Eur,MLT,Malta,2000,clean,>95%,,,,
4_Eur,MLT,Malta,2000,polluting,<5%,,,,
4_Eur,MLT,Malta,2005,clean,>95%,,,,
4_Eur,MLT,Malta,2005,polluting,<5%,,,,
4_Eur,MLT,Malta,2010,clean,>95%,,,,
4_Eur,MLT,Malta,2010,polluting,<5%,,,,
4_Eur,MLT,Malta,2015,clean,>95%,,,,
4_Eur,MLT,Malta,2015,polluting,<5%,,,,
4_Eur,MLT,Malta,2016,clean,>95%,,,,
4_Eur,MLT,Malta,2016,polluting,<5%,,,,
6_Wpr,MHL,Marshall Islands,2000,clean,13%,1%,39%,,
6_Wpr,MHL,Marshall Islands,2000,polluting,87%,61%,99%,,
6_Wpr,MHL,Marshall Islands,2005,clean,33%,15%,54%,,
6_Wpr,MHL,Marshall Islands,2005,polluting,67%,46%,85%,,
6_Wpr,MHL,Marshall Islands,2010,clean,55%,36%,72%,,
6_Wpr,MHL,Marshall Islands,2010,polluting,45%,28%,64%,,
6_Wpr,MHL,Marshall Islands,2015,clean,65%,45%,81%,,
6_Wpr,MHL,Marshall Islands,2015,polluting,35%,19%,55%,,
6_Wpr,MHL,Marshall Islands,2016,clean,65%,44%,83%,,
6_Wpr,MHL,Marshall Islands,2016,polluting,35%,17%,56%,,
1_Afr,MRT,Mauritania,2000,clean,29%,19%,39%,,
1_Afr,MRT,Mauritania,2000,polluting,71%,61%,81%,,
1_Afr,MRT,Mauritania,2005,clean,35%,23%,44%,,
1_Afr,MRT,Mauritania,2005,polluting,65%,56%,77%,,
1_Afr,MRT,Mauritania,2010,clean,40%,26%,51%,,
1_Afr,MRT,Mauritania,2010,polluting,60%,49%,74%,,
1_Afr,MRT,Mauritania,2015,clean,46%,28%,58%,,
1_Afr,MRT,Mauritania,2015,polluting,54%,42%,72%,,
1_Afr,MRT,Mauritania,2016,clean,47%,28%,59%,,
1_Afr,MRT,Mauritania,2016,polluting,53%,41%,72%,,
1_Afr,MUS,Mauritius,2000,clean,87%,53%,99%,,
1_Afr,MUS,Mauritius,2000,polluting,13%,1%,47%,,
1_Afr,MUS,Mauritius,2005,clean,90%,58%,99%,,
1_Afr,MUS,Mauritius,2005,polluting,10%,1%,42%,,
1_Afr,MUS,Mauritius,2010,clean,92%,63%,99%,,
1_Afr,MUS,Mauritius,2010,polluting,8%,1%,37%,,
1_Afr,MUS,Mauritius,2015,clean,93%,64%,100%,,
1_Afr,MUS,Mauritius,2015,polluting,7%,0%,36%,,
1_Afr,MUS,Mauritius,2016,clean,93%,65%,100%,,
1_Afr,MUS,Mauritius,2016,polluting,7%,0%,35%,,
2_Amr,MEX,Mexico,2000,clean,81%,74%,86%,,
2_Amr,MEX,Mexico,2000,polluting,19%,14%,26%,,
2_Amr,MEX,Mexico,2005,clean,82%,76%,88%,,
2_Amr,MEX,Mexico,2005,polluting,18%,12%,24%,,
2_Amr,MEX,Mexico,2010,clean,84%,78%,89%,,
2_Amr,MEX,Mexico,2010,polluting,16%,11%,22%,,
2_Amr,MEX,Mexico,2015,clean,85%,79%,90%,,
2_Amr,MEX,Mexico,2015,polluting,15%,10%,21%,,
2_Amr,MEX,Mexico,2016,clean,85%,80%,90%,,
2_Amr,MEX,Mexico,2016,polluting,15%,10%,20%,,
6_Wpr,FSM,Micronesia (Federated States of),2000,clean,11%,5%,19%,,
6_Wpr,FSM,Micronesia (Federated States of),2000,polluting,89%,81%,95%,,
6_Wpr,FSM,Micronesia (Federated States of),2005,clean,11%,5%,22%,,
6_Wpr,FSM,Micronesia (Federated States of),2005,polluting,89%,78%,95%,,
6_Wpr,FSM,Micronesia (Federated States of),2010,clean,12%,4%,27%,,
6_Wpr,FSM,Micronesia (Federated States of),2010,polluting,89%,73%,96%,,
6_Wpr,FSM,Micronesia (Federated States of),2015,clean,12%,4%,33%,,
6_Wpr,FSM,Micronesia (Federated States of),2015,polluting,88%,67%,96%,,
6_Wpr,FSM,Micronesia (Federated States of),2016,clean,12%,4%,34%,,
6_Wpr,FSM,Micronesia (Federated States of),2016,polluting,88%,66%,96%,,
4_Eur,MCO,Monaco,2000,clean,>95%,,,,
4_Eur,MCO,Monaco,2000,polluting,<5%,,,,
4_Eur,MCO,Monaco,2005,clean,>95%,,,,
4_Eur,MCO,Monaco,2005,polluting,<5%,,,,
4_Eur,MCO,Monaco,2010,clean,>95%,,,,
4_Eur,MCO,Monaco,2010,polluting,<5%,,,,
4_Eur,MCO,Monaco,2015,clean,>95%,,,,
4_Eur,MCO,Monaco,2015,polluting,<5%,,,,
4_Eur,MCO,Monaco,2016,clean,>95%,,,,
4_Eur,MCO,Monaco,2016,polluting,<5%,,,,
6_Wpr,MNG,Mongolia,2000,clean,22%,10%,37%,,
6_Wpr,MNG,Mongolia,2000,polluting,78%,63%,90%,,
6_Wpr,MNG,Mongolia,2005,clean,28%,15%,42%,,
6_Wpr,MNG,Mongolia,2005,polluting,72%,58%,85%,,
6_Wpr,MNG,Mongolia,2010,clean,34%,21%,49%,,
6_Wpr,MNG,Mongolia,2010,polluting,66%,51%,79%,,
6_Wpr,MNG,Mongolia,2015,clean,41%,25%,58%,,
6_Wpr,MNG,Mongolia,2015,polluting,59%,42%,75%,,
6_Wpr,MNG,Mongolia,2016,clean,43%,26%,59%,,
6_Wpr,MNG,Mongolia,2016,polluting,57%,41%,74%,,
4_Eur,MNE,Montenegro,2000,clean,55%,29%,77%,,
4_Eur,MNE,Montenegro,2000,polluting,45%,23%,71%,,
4_Eur,MNE,Montenegro,2005,clean,60%,39%,77%,,
4_Eur,MNE,Montenegro,2005,polluting,40%,23%,61%,,
4_Eur,MNE,Montenegro,2010,clean,65%,47%,83%,,
4_Eur,MNE,Montenegro,2010,polluting,35%,17%,53%,,
4_Eur,MNE,Montenegro,2015,clean,69%,49%,88%,,
4_Eur,MNE,Montenegro,2015,polluting,31%,12%,51%,,
4_Eur,MNE,Montenegro,2016,clean,69%,48%,89%,,
4_Eur,MNE,Montenegro,2016,polluting,31%,11%,52%,,
5_Emr,MAR,Morocco,2000,clean,90%,78%,97%,,
5_Emr,MAR,Morocco,2000,polluting,10%,3%,22%,,
5_Emr,MAR,Morocco,2005,clean,94%,85%,98%,,
5_Emr,MAR,Morocco,2005,polluting,6%,2%,15%,,
5_Emr,MAR,Morocco,2010,clean,>95%,,,,
5_Emr,MAR,Morocco,2010,polluting,<5%,,,,
5_Emr,MAR,Morocco,2015,clean,>95%,,,,
5_Emr,MAR,Morocco,2015,polluting,<5%,,,,
5_Emr,MAR,Morocco,2016,clean,>95%,,,,
5_Emr,MAR,Morocco,2016,polluting,<5%,,,,
1_Afr,MOZ,Mozambique,2000,clean,<5%,,,,
1_Afr,MOZ,Mozambique,2000,polluting,>95%,,,,
1_Afr,MOZ,Mozambique,2005,clean,<5%,,,,
1_Afr,MOZ,Mozambique,2005,polluting,>95%,,,,
1_Afr,MOZ,Mozambique,2010,clean,<5%,,,,
1_Afr,MOZ,Mozambique,2010,polluting,>95%,,,,
1_Afr,MOZ,Mozambique,2015,clean,<5%,,,,
1_Afr,MOZ,Mozambique,2015,polluting,>95%,,,,
1_Afr,MOZ,Mozambique,2016,clean,<5%,,,,
1_Afr,MOZ,Mozambique,2016,polluting,>95%,,,,
3_Sear,MMR,Myanmar,2000,clean,<5%,,,,
3_Sear,MMR,Myanmar,2000,polluting,>95%,,,,
3_Sear,MMR,Myanmar,2005,clean,7%,1%,19%,,
3_Sear,MMR,Myanmar,2005,polluting,93%,81%,99%,,
3_Sear,MMR,Myanmar,2010,clean,11%,3%,23%,,
3_Sear,MMR,Myanmar,2010,polluting,89%,77%,97%,,
3_Sear,MMR,Myanmar,2015,clean,17%,5%,32%,,
3_Sear,MMR,Myanmar,2015,polluting,83%,68%,95%,,
3_Sear,MMR,Myanmar,2016,clean,18%,6%,34%,,
3_Sear,MMR,Myanmar,2016,polluting,82%,66%,94%,,
1_Afr,NAM,Namibia,2000,clean,33%,17%,44%,,
1_Afr,NAM,Namibia,2000,polluting,67%,56%,83%,,
1_Afr,NAM,Namibia,2005,clean,36%,19%,47%,,
1_Afr,NAM,Namibia,2005,polluting,64%,53%,81%,,
1_Afr,NAM,Namibia,2010,clean,39%,18%,52%,,
1_Afr,NAM,Namibia,2010,polluting,61%,48%,82%,,
1_Afr,NAM,Namibia,2015,clean,41%,16%,56%,,
1_Afr,NAM,Namibia,2015,polluting,59%,44%,84%,,
1_Afr,NAM,Namibia,2016,clean,42%,17%,58%,,
1_Afr,NAM,Namibia,2016,polluting,58%,42%,83%,,
6_Wpr,NRU,Nauru,2000,clean,74%,32%,95%,,
6_Wpr,NRU,Nauru,2000,polluting,26%,5%,68%,,
6_Wpr,NRU,Nauru,2005,clean,84%,60%,96%,,
6_Wpr,NRU,Nauru,2005,polluting,16%,4%,40%,,
6_Wpr,NRU,Nauru,2010,clean,89%,73%,97%,,
6_Wpr,NRU,Nauru,2010,polluting,11%,3%,27%,,
6_Wpr,NRU,Nauru,2015,clean,91%,76%,99%,,
6_Wpr,NRU,Nauru,2015,polluting,9%,1%,24%,,
6_Wpr,NRU,Nauru,2016,clean,91%,75%,99%,,
6_Wpr,NRU,Nauru,2016,polluting,9%,1%,25%,,
3_Sear,NPL,Nepal,2000,clean,15%,6%,28%,,
3_Sear,NPL,Nepal,2000,polluting,85%,72%,94%,,
3_Sear,NPL,Nepal,2005,clean,18%,8%,31%,,
3_Sear,NPL,Nepal,2005,polluting,82%,69%,92%,,
3_Sear,NPL,Nepal,2010,clean,22%,11%,36%,,
3_Sear,NPL,Nepal,2010,polluting,78%,64%,89%,,
3_Sear,NPL,Nepal,2015,clean,27%,13%,42%,,
3_Sear,NPL,Nepal,2015,polluting,73%,58%,87%,,
3_Sear,NPL,Nepal,2016,clean,28%,14%,43%,,
3_Sear,NPL,Nepal,2016,polluting,72%,57%,86%,,
4_Eur,NLD,Netherlands,2000,clean,>95%,,,,
4_Eur,NLD,Netherlands,2000,polluting,<5%,,,,
4_Eur,NLD,Netherlands,2005,clean,>95%,,,,
4_Eur,NLD,Netherlands,2005,polluting,<5%,,,,
4_Eur,NLD,Netherlands,2010,clean,>95%,,,,
4_Eur,NLD,Netherlands,2010,polluting,<5%,,,,
4_Eur,NLD,Netherlands,2015,clean,>95%,,,,
4_Eur,NLD,Netherlands,2015,polluting,<5%,,,,
4_Eur,NLD,Netherlands,2016,clean,>95%,,,,
4_Eur,NLD,Netherlands,2016,polluting,<5%,,,,
6_Wpr,NZL,New Zealand,2000,clean,>95%,,,,
6_Wpr,NZL,New Zealand,2000,polluting,<5%,,,,
6_Wpr,NZL,New Zealand,2005,clean,>95%,,,,
6_Wpr,NZL,New Zealand,2005,polluting,<5%,,,,
6_Wpr,NZL,New Zealand,2010,clean,>95%,,,,
6_Wpr,NZL,New Zealand,2010,polluting,<5%,,,,
6_Wpr,NZL,New Zealand,2015,clean,>95%,,,,
6_Wpr,NZL,New Zealand,2015,polluting,<5%,,,,
6_Wpr,NZL,New Zealand,2016,clean,>95%,,,,
6_Wpr,NZL,New Zealand,2016,polluting,<5%,,,,
2_Amr,NIC,Nicaragua,2000,clean,34%,27%,41%,,
2_Amr,NIC,Nicaragua,2000,polluting,66%,59%,73%,,
2_Amr,NIC,Nicaragua,2005,clean,40%,32%,47%,,
2_Amr,NIC,Nicaragua,2005,polluting,60%,53%,68%,,
2_Amr,NIC,Nicaragua,2010,clean,46%,37%,54%,,
2_Amr,NIC,Nicaragua,2010,polluting,54%,46%,63%,,
2_Amr,NIC,Nicaragua,2015,clean,51%,42%,61%,,
2_Amr,NIC,Nicaragua,2015,polluting,49%,39%,58%,,
2_Amr,NIC,Nicaragua,2016,clean,52%,43%,62%,,
2_Amr,NIC,Nicaragua,2016,polluting,48%,38%,57%,,
1_Afr,NER,Niger,2000,clean,<5%,,,,
1_Afr,NER,Niger,2000,polluting,>95%,,,,
1_Afr,NER,Niger,2005,clean,<5%,,,,
1_Afr,NER,Niger,2005,polluting,>95%,,,,
1_Afr,NER,Niger,2010,clean,<5%,,,,
1_Afr,NER,Niger,2010,polluting,>95%,,,,
1_Afr,NER,Niger,2015,clean,<5%,,,,
1_Afr,NER,Niger,2015,polluting,>95%,,,,
1_Afr,NER,Niger,2016,clean,<5%,,,,
1_Afr,NER,Niger,2016,polluting,>95%,,,,
1_Afr,NGA,Nigeria,2000,clean,<5%,,,,
1_Afr,NGA,Nigeria,2000,polluting,>95%,,,,
1_Afr,NGA,Nigeria,2005,clean,<5%,,,,
1_Afr,NGA,Nigeria,2005,polluting,>95%,,,,
1_Afr,NGA,Nigeria,2010,clean,<5%,,,,
1_Afr,NGA,Nigeria,2010,polluting,>95%,,,,
1_Afr,NGA,Nigeria,2015,clean,<5%,,,,
1_Afr,NGA,Nigeria,2015,polluting,>95%,,,,
1_Afr,NGA,Nigeria,2016,clean,<5%,,,,
1_Afr,NGA,Nigeria,2016,polluting,>95%,,,,
6_Wpr,NIU,Niue,2000,clean,76%,63%,86%,,
6_Wpr,NIU,Niue,2000,polluting,24%,14%,37%,,
6_Wpr,NIU,Niue,2005,clean,84%,73%,93%,,
6_Wpr,NIU,Niue,2005,polluting,16%,7%,27%,,
6_Wpr,NIU,Niue,2010,clean,89%,78%,96%,,
6_Wpr,NIU,Niue,2010,polluting,11%,4%,22%,,
6_Wpr,NIU,Niue,2015,clean,92%,82%,98%,,
6_Wpr,NIU,Niue,2015,polluting,8%,2%,18%,,
6_Wpr,NIU,Niue,2016,clean,93%,83%,99%,,
6_Wpr,NIU,Niue,2016,polluting,7%,1%,17%,,
4_Eur,NOR,Norway,2000,clean,>95%,,,,
4_Eur,NOR,Norway,2000,polluting,<5%,,,,
4_Eur,NOR,Norway,2005,clean,>95%,,,,
4_Eur,NOR,Norway,2005,polluting,<5%,,,,
4_Eur,NOR,Norway,2010,clean,>95%,,,,
4_Eur,NOR,Norway,2010,polluting,<5%,,,,
4_Eur,NOR,Norway,2015,clean,>95%,,,,
4_Eur,NOR,Norway,2015,polluting,<5%,,,,
4_Eur,NOR,Norway,2016,clean,>95%,,,,
4_Eur,NOR,Norway,2016,polluting,<5%,,,,
5_Emr,OMN,Oman,2000,clean,85%,24%,100%,,
5_Emr,OMN,Oman,2000,polluting,15%,0%,76%,,
5_Emr,OMN,Oman,2005,clean,91%,47%,100%,,
5_Emr,OMN,Oman,2005,polluting,10%,0%,53%,,
5_Emr,OMN,Oman,2010,clean,94%,60%,100%,,
5_Emr,OMN,Oman,2010,polluting,6%,0%,40%,,
5_Emr,OMN,Oman,2015,clean,>95%,,,,
5_Emr,OMN,Oman,2015,polluting,<5%,,,,
5_Emr,OMN,Oman,2016,clean,>95%,,,,
5_Emr,OMN,Oman,2016,polluting,<5%,,,,
5_Emr,PAK,Pakistan,2000,clean,23%,14%,33%,,
5_Emr,PAK,Pakistan,2000,polluting,77%,67%,86%,,
5_Emr,PAK,Pakistan,2005,clean,29%,20%,40%,,
5_Emr,PAK,Pakistan,2005,polluting,71%,60%,80%,,
5_Emr,PAK,Pakistan,2010,clean,36%,24%,48%,,
5_Emr,PAK,Pakistan,2010,polluting,64%,52%,76%,,
5_Emr,PAK,Pakistan,2015,clean,42%,28%,57%,,
5_Emr,PAK,Pakistan,2015,polluting,58%,43%,72%,,
5_Emr,PAK,Pakistan,2016,clean,43%,28%,59%,,
5_Emr,PAK,Pakistan,2016,polluting,57%,41%,72%,,
6_Wpr,PLW,Palau,2000,clean,64%,46%,81%,,
6_Wpr,PLW,Palau,2000,polluting,36%,19%,54%,,
6_Wpr,PLW,Palau,2005,clean,77%,44%,96%,,
6_Wpr,PLW,Palau,2005,polluting,23%,4%,56%,,
6_Wpr,PLW,Palau,2010,clean,83%,38%,99%,,
6_Wpr,PLW,Palau,2010,polluting,17%,1%,62%,,
6_Wpr,PLW,Palau,2015,clean,86%,33%,100%,,
6_Wpr,PLW,Palau,2015,polluting,14%,0%,67%,,
6_Wpr,PLW,Palau,2016,clean,87%,32%,100%,,
6_Wpr,PLW,Palau,2016,polluting,13%,0%,68%,,
2_Amr,PAN,Panama,2000,clean,79%,70%,87%,,
2_Amr,PAN,Panama,2000,polluting,21%,13%,30%,,
2_Amr,PAN,Panama,2005,clean,83%,74%,90%,,
2_Amr,PAN,Panama,2005,polluting,17%,10%,26%,,
2_Amr,PAN,Panama,2010,clean,86%,77%,93%,,
2_Amr,PAN,Panama,2010,polluting,14%,7%,23%,,
2_Amr,PAN,Panama,2015,clean,88%,80%,95%,,
2_Amr,PAN,Panama,2015,polluting,12%,5%,20%,,
2_Amr,PAN,Panama,2016,clean,89%,81%,95%,,
2_Amr,PAN,Panama,2016,polluting,11%,5%,19%,,
6_Wpr,PNG,Papua New Guinea,2000,clean,7%,1%,15%,,
6_Wpr,PNG,Papua New Guinea,2000,polluting,93%,85%,99%,,
6_Wpr,PNG,Papua New Guinea,2005,clean,9%,2%,19%,,
6_Wpr,PNG,Papua New Guinea,2005,polluting,91%,81%,98%,,
6_Wpr,PNG,Papua New Guinea,2010,clean,11%,2%,23%,,
6_Wpr,PNG,Papua New Guinea,2010,polluting,89%,77%,98%,,
6_Wpr,PNG,Papua New Guinea,2015,clean,13%,2%,30%,,
6_Wpr,PNG,Papua New Guinea,2015,polluting,87%,70%,98%,,
6_Wpr,PNG,Papua New Guinea,2016,clean,13%,2%,32%,,
6_Wpr,PNG,Papua New Guinea,2016,polluting,87%,68%,98%,,
2_Amr,PRY,Paraguay,2000,clean,44%,33%,56%,,
2_Amr,PRY,Paraguay,2000,polluting,56%,44%,67%,,
2_Amr,PRY,Paraguay,2005,clean,52%,41%,62%,,
2_Amr,PRY,Paraguay,2005,polluting,48%,38%,59%,,
2_Amr,PRY,Paraguay,2010,clean,58%,48%,68%,,
2_Amr,PRY,Paraguay,2010,polluting,42%,32%,52%,,
2_Amr,PRY,Paraguay,2015,clean,65%,54%,75%,,
2_Amr,PRY,Paraguay,2015,polluting,35%,25%,46%,,
2_Amr,PRY,Paraguay,2016,clean,66%,56%,76%,,
2_Amr,PRY,Paraguay,2016,polluting,34%,24%,45%,,
2_Amr,PER,Peru,2000,clean,35%,27%,44%,,
2_Amr,PER,Peru,2000,polluting,65%,56%,73%,,
2_Amr,PER,Peru,2005,clean,55%,45%,64%,,
2_Amr,PER,Peru,2005,polluting,45%,36%,55%,,
2_Amr,PER,Peru,2010,clean,66%,56%,75%,,
2_Amr,PER,Peru,2010,polluting,34%,25%,44%,,
2_Amr,PER,Peru,2015,clean,74%,64%,82%,,
2_Amr,PER,Peru,2015,polluting,26%,18%,36%,,
2_Amr,PER,Peru,2016,clean,75%,66%,84%,,
2_Amr,PER,Peru,2016,polluting,25%,16%,34%,,
6_Wpr,PHL,Philippines,2000,clean,36%,21%,52%,,
6_Wpr,PHL,Philippines,2000,polluting,64%,48%,79%,,
6_Wpr,PHL,Philippines,2005,clean,39%,23%,56%,,
6_Wpr,PHL,Philippines,2005,polluting,61%,44%,77%,,
6_Wpr,PHL,Philippines,2010,clean,42%,24%,60%,,
6_Wpr,PHL,Philippines,2010,polluting,58%,40%,76%,,
6_Wpr,PHL,Philippines,2015,clean,43%,25%,63%,,
6_Wpr,PHL,Philippines,2015,polluting,57%,37%,75%,,
6_Wpr,PHL,Philippines,2016,clean,43%,24%,63%,,
6_Wpr,PHL,Philippines,2016,polluting,57%,37%,76%,,
4_Eur,POL,Poland,2000,clean,>95%,,,,
4_Eur,POL,Poland,2000,polluting,<5%,,,,
4_Eur,POL,Poland,2005,clean,>95%,,,,
4_Eur,POL,Poland,2005,polluting,<5%,,,,
4_Eur,POL,Poland,2010,clean,>95%,,,,
4_Eur,POL,Poland,2010,polluting,<5%,,,,
4_Eur,POL,Poland,2015,clean,>95%,,,,
4_Eur,POL,Poland,2015,polluting,<5%,,,,
4_Eur,POL,Poland,2016,clean,>95%,,,,
4_Eur,POL,Poland,2016,polluting,<5%,,,,
4_Eur,PRT,Portugal,2000,clean,>95%,,, 1 ,
4_Eur,PRT,Portugal,2000,polluting,<5%,,, 1 ,
4_Eur,PRT,Portugal,2005,clean,>95%,,, 1 ,
4_Eur,PRT,Portugal,2005,polluting,<5%,,, 1 ,
4_Eur,PRT,Portugal,2010,clean,>95%,,, 1 ,
4_Eur,PRT,Portugal,2010,polluting,<5%,,, 1 ,
4_Eur,PRT,Portugal,2015,clean,>95%,,, 1 ,
4_Eur,PRT,Portugal,2015,polluting,<5%,,, 1 ,
4_Eur,PRT,Portugal,2016,clean,>95%,,, 1 ,
4_Eur,PRT,Portugal,2016,polluting,<5%,,, 1 ,
5_Emr,QAT,Qatar,2000,clean,92%,67%,100%,,
5_Emr,QAT,Qatar,2000,polluting,8%,0%,33%,,
5_Emr,QAT,Qatar,2005,clean,>95%,,,,
5_Emr,QAT,Qatar,2005,polluting,<5%,,,,
5_Emr,QAT,Qatar,2010,clean,>95%,,,,
5_Emr,QAT,Qatar,2010,polluting,<5%,,,,
5_Emr,QAT,Qatar,2015,clean,>95%,,,,
5_Emr,QAT,Qatar,2015,polluting,<5%,,,,
5_Emr,QAT,Qatar,2016,clean,>95%,,,,
5_Emr,QAT,Qatar,2016,polluting,<5%,,,,
6_Wpr,KOR,Republic of Korea,2000,clean,>95%,,,,
6_Wpr,KOR,Republic of Korea,2000,polluting,<5%,,,,
6_Wpr,KOR,Republic of Korea,2005,clean,>95%,,,,
6_Wpr,KOR,Republic of Korea,2005,polluting,<5%,,,,
6_Wpr,KOR,Republic of Korea,2010,clean,>95%,,,,
6_Wpr,KOR,Republic of Korea,2010,polluting,<5%,,,,
6_Wpr,KOR,Republic of Korea,2015,clean,>95%,,,,
6_Wpr,KOR,Republic of Korea,2015,polluting,<5%,,,,
6_Wpr,KOR,Republic of Korea,2016,clean,>95%,,,,
6_Wpr,KOR,Republic of Korea,2016,polluting,<5%,,,,
4_Eur,MDA,Republic of Moldova,2000,clean,68%,39%,92%,,
4_Eur,MDA,Republic of Moldova,2000,polluting,32%,8%,61%,,
4_Eur,MDA,Republic of Moldova,2005,clean,79%,52%,96%,,
4_Eur,MDA,Republic of Moldova,2005,polluting,21%,4%,48%,,
4_Eur,MDA,Republic of Moldova,2010,clean,87%,64%,99%,,
4_Eur,MDA,Republic of Moldova,2010,polluting,13%,1%,36%,,
4_Eur,MDA,Republic of Moldova,2015,clean,91%,71%,100%,,
4_Eur,MDA,Republic of Moldova,2015,polluting,9%,0%,29%,,
4_Eur,MDA,Republic of Moldova,2016,clean,92%,72%,100%,,
4_Eur,MDA,Republic of Moldova,2016,polluting,8%,0%,28%,,
4_Eur,ROU,Romania,2000,clean,65%,25%,90%,,
4_Eur,ROU,Romania,2000,polluting,36%,10%,75%,,
4_Eur,ROU,Romania,2005,clean,74%,41%,94%,,
4_Eur,ROU,Romania,2005,polluting,26%,6%,59%,,
4_Eur,ROU,Romania,2010,clean,81%,48%,97%,,
4_Eur,ROU,Romania,2010,polluting,19%,3%,52%,,
4_Eur,ROU,Romania,2015,clean,85%,53%,99%,,
4_Eur,ROU,Romania,2015,polluting,15%,1%,47%,,
4_Eur,ROU,Romania,2016,clean,86%,52%,99%,,
4_Eur,ROU,Romania,2016,polluting,14%,1%,48%,,
4_Eur,RUS,Russian Federation,2000,clean,93%,86%,97%,,
4_Eur,RUS,Russian Federation,2000,polluting,7%,3%,14%,,
4_Eur,RUS,Russian Federation,2005,clean,>95%,,,,
4_Eur,RUS,Russian Federation,2005,polluting,<5%,,,,
4_Eur,RUS,Russian Federation,2010,clean,>95%,,,,
4_Eur,RUS,Russian Federation,2010,polluting,<5%,,,,
4_Eur,RUS,Russian Federation,2015,clean,>95%,,,,
4_Eur,RUS,Russian Federation,2015,polluting,<5%,,,,
4_Eur,RUS,Russian Federation,2016,clean,>95%,,,,
4_Eur,RUS,Russian Federation,2016,polluting,<5%,,,,
1_Afr,RWA,Rwanda,2000,clean,<5%,,,,
1_Afr,RWA,Rwanda,2000,polluting,>95%,,,,
1_Afr,RWA,Rwanda,2005,clean,<5%,,,,
1_Afr,RWA,Rwanda,2005,polluting,>95%,,,,
1_Afr,RWA,Rwanda,2010,clean,<5%,,,,
1_Afr,RWA,Rwanda,2010,polluting,>95%,,,,
1_Afr,RWA,Rwanda,2015,clean,<5%,,,,
1_Afr,RWA,Rwanda,2015,polluting,>95%,,,,
1_Afr,RWA,Rwanda,2016,clean,<5%,,,,
1_Afr,RWA,Rwanda,2016,polluting,>95%,,,,
2_Amr,KNA,Saint Kitts and Nevis,2000,clean,>95%,,,,
2_Amr,KNA,Saint Kitts and Nevis,2000,polluting,<5%,,,,
2_Amr,KNA,Saint Kitts and Nevis,2005,clean,>95%,,,,
2_Amr,KNA,Saint Kitts and Nevis,2005,polluting,<5%,,,,
2_Amr,KNA,Saint Kitts and Nevis,2010,clean,>95%,,,,
2_Amr,KNA,Saint Kitts and Nevis,2010,polluting,<5%,,,,
2_Amr,KNA,Saint Kitts and Nevis,2015,clean,>95%,,,,
2_Amr,KNA,Saint Kitts and Nevis,2015,polluting,<5%,,,,
2_Amr,KNA,Saint Kitts and Nevis,2016,clean,>95%,,,,
2_Amr,KNA,Saint Kitts and Nevis,2016,polluting,<5%,,,,
2_Amr,LCA,Saint Lucia,2000,clean,86%,82%,90%,,
2_Amr,LCA,Saint Lucia,2000,polluting,14%,10%,18%,,
2_Amr,LCA,Saint Lucia,2005,clean,92%,88%,94%,,
2_Amr,LCA,Saint Lucia,2005,polluting,8%,6%,12%,,
2_Amr,LCA,Saint Lucia,2010,clean,95%,92%,97%,,
2_Amr,LCA,Saint Lucia,2010,polluting,5%,3%,8%,,
2_Amr,LCA,Saint Lucia,2015,clean,>95%,,,,
2_Amr,LCA,Saint Lucia,2015,polluting,<5%,,,,
2_Amr,LCA,Saint Lucia,2016,clean,>95%,,,,
2_Amr,LCA,Saint Lucia,2016,polluting,<5%,,,,
2_Amr,VCT,Saint Vincent and the Grenadines,2000,clean,>95%,,,,
2_Amr,VCT,Saint Vincent and the Grenadines,2000,polluting,<5%,,,,
2_Amr,VCT,Saint Vincent and the Grenadines,2005,clean,>95%,,,,
2_Amr,VCT,Saint Vincent and the Grenadines,2005,polluting,<5%,,,,
2_Amr,VCT,Saint Vincent and the Grenadines,2010,clean,>95%,,,,
2_Amr,VCT,Saint Vincent and the Grenadines,2010,polluting,<5%,,,,
2_Amr,VCT,Saint Vincent and the Grenadines,2015,clean,>95%,,,,
2_Amr,VCT,Saint Vincent and the Grenadines,2015,polluting,<5%,,,,
2_Amr,VCT,Saint Vincent and the Grenadines,2016,clean,>95%,,,,
2_Amr,VCT,Saint Vincent and the Grenadines,2016,polluting,<5%,,,,
6_Wpr,WSM,Samoa,2000,clean,20%,4%,43%,,
6_Wpr,WSM,Samoa,2000,polluting,80%,57%,96%,,
6_Wpr,WSM,Samoa,2005,clean,25%,8%,45%,,
6_Wpr,WSM,Samoa,2005,polluting,75%,55%,92%,,
6_Wpr,WSM,Samoa,2010,clean,29%,11%,50%,,
6_Wpr,WSM,Samoa,2010,polluting,71%,50%,89%,,
6_Wpr,WSM,Samoa,2015,clean,32%,13%,55%,,
6_Wpr,WSM,Samoa,2015,polluting,68%,45%,87%,,
6_Wpr,WSM,Samoa,2016,clean,32%,13%,57%,,
6_Wpr,WSM,Samoa,2016,polluting,68%,43%,87%,,
4_Eur,SMR,San Marino,2000,clean,>95%,,,,
4_Eur,SMR,San Marino,2000,polluting,<5%,,,,
4_Eur,SMR,San Marino,2005,clean,>95%,,,,
4_Eur,SMR,San Marino,2005,polluting,<5%,,,,
4_Eur,SMR,San Marino,2010,clean,>95%,,,,
4_Eur,SMR,San Marino,2010,polluting,<5%,,,,
4_Eur,SMR,San Marino,2015,clean,>95%,,,,
4_Eur,SMR,San Marino,2015,polluting,<5%,,,,
4_Eur,SMR,San Marino,2016,clean,>95%,,,,
4_Eur,SMR,San Marino,2016,polluting,<5%,,,,
1_Afr,STP,Sao Tome and Principe,2000,clean,18%,2%,39%,,
1_Afr,STP,Sao Tome and Principe,2000,polluting,82%,61%,98%,,
1_Afr,STP,Sao Tome and Principe,2005,clean,21%,2%,43%,,
1_Afr,STP,Sao Tome and Principe,2005,polluting,79%,57%,98%,,
1_Afr,STP,Sao Tome and Principe,2010,clean,22%,1%,46%,,
1_Afr,STP,Sao Tome and Principe,2010,polluting,78%,54%,99%,,
1_Afr,STP,Sao Tome and Principe,2015,clean,18%,0%,52%,,
1_Afr,STP,Sao Tome and Principe,2015,polluting,82%,48%,100%,,
1_Afr,STP,Sao Tome and Principe,2016,clean,17%,0%,54%,,
1_Afr,STP,Sao Tome and Principe,2016,polluting,83%,46%,100%,,
5_Emr,SAU,Saudi Arabia,2000,clean,95%,80%,100%,,
5_Emr,SAU,Saudi Arabia,2000,polluting,5%,0%,20%,,
5_Emr,SAU,Saudi Arabia,2005,clean,>95%,,,,
5_Emr,SAU,Saudi Arabia,2005,polluting,<5%,,,,
5_Emr,SAU,Saudi Arabia,2010,clean,>95%,,,,
5_Emr,SAU,Saudi Arabia,2010,polluting,<5%,,,,
5_Emr,SAU,Saudi Arabia,2015,clean,>95%,,,,
5_Emr,SAU,Saudi Arabia,2015,polluting,<5%,,,,
5_Emr,SAU,Saudi Arabia,2016,clean,>95%,,,,
5_Emr,SAU,Saudi Arabia,2016,polluting,<5%,,,,
1_Afr,SEN,Senegal,2000,clean,32%,11%,50%,,
1_Afr,SEN,Senegal,2000,polluting,68%,50%,89%,,
1_Afr,SEN,Senegal,2005,clean,32%,12%,51%,,
1_Afr,SEN,Senegal,2005,polluting,68%,49%,88%,,
1_Afr,SEN,Senegal,2010,clean,32%,12%,51%,,
1_Afr,SEN,Senegal,2010,polluting,68%,49%,88%,,
1_Afr,SEN,Senegal,2015,clean,32%,10%,51%,,
1_Afr,SEN,Senegal,2015,polluting,68%,49%,90%,,
1_Afr,SEN,Senegal,2016,clean,32%,11%,52%,,
1_Afr,SEN,Senegal,2016,polluting,68%,48%,90%,,
4_Eur,SRB,Serbia,2000,clean,52%,19%,83%,,
4_Eur,SRB,Serbia,2000,polluting,48%,17%,81%,,
4_Eur,SRB,Serbia,2005,clean,60%,31%,86%,,
4_Eur,SRB,Serbia,2005,polluting,40%,14%,69%,,
4_Eur,SRB,Serbia,2010,clean,69%,41%,91%,,
4_Eur,SRB,Serbia,2010,polluting,31%,9%,59%,,
4_Eur,SRB,Serbia,2015,clean,75%,47%,96%,,
4_Eur,SRB,Serbia,2015,polluting,25%,4%,53%,,
4_Eur,SRB,Serbia,2016,clean,76%,49%,96%,,
4_Eur,SRB,Serbia,2016,polluting,24%,4%,51%,,
1_Afr,SYC,Seychelles,2000,clean,77%,5%,100%,,
1_Afr,SYC,Seychelles,2000,polluting,23%,0%,95%,,
1_Afr,SYC,Seychelles,2005,clean,84%,18%,100%,,
1_Afr,SYC,Seychelles,2005,polluting,16%,0%,82%,,
1_Afr,SYC,Seychelles,2010,clean,88%,28%,100%,,
1_Afr,SYC,Seychelles,2010,polluting,12%,0%,72%,,
1_Afr,SYC,Seychelles,2015,clean,90%,35%,100%,,
1_Afr,SYC,Seychelles,2015,polluting,10%,0%,65%,,
1_Afr,SYC,Seychelles,2016,clean,90%,32%,100%,,
1_Afr,SYC,Seychelles,2016,polluting,10%,0%,68%,,
1_Afr,SLE,Sierra Leone,2000,clean,<5%,,,,
1_Afr,SLE,Sierra Leone,2000,polluting,>95%,,,,
1_Afr,SLE,Sierra Leone,2005,clean,<5%,,,,
1_Afr,SLE,Sierra Leone,2005,polluting,>95%,,,,
1_Afr,SLE,Sierra Leone,2010,clean,<5%,,,,
1_Afr,SLE,Sierra Leone,2010,polluting,>95%,,,,
1_Afr,SLE,Sierra Leone,2015,clean,<5%,,,,
1_Afr,SLE,Sierra Leone,2015,polluting,>95%,,,,
1_Afr,SLE,Sierra Leone,2016,clean,<5%,,,,
1_Afr,SLE,Sierra Leone,2016,polluting,>95%,,,,
6_Wpr,SGP,Singapore,2000,clean,>95%,,,,
6_Wpr,SGP,Singapore,2000,polluting,<5%,,,,
6_Wpr,SGP,Singapore,2005,clean,>95%,,,,
6_Wpr,SGP,Singapore,2005,polluting,<5%,,,,
6_Wpr,SGP,Singapore,2010,clean,>95%,,,,
6_Wpr,SGP,Singapore,2010,polluting,<5%,,,,
6_Wpr,SGP,Singapore,2015,clean,>95%,,,,
6_Wpr,SGP,Singapore,2015,polluting,<5%,,,,
6_Wpr,SGP,Singapore,2016,clean,>95%,,,,
6_Wpr,SGP,Singapore,2016,polluting,<5%,,,,
4_Eur,SVK,Slovakia,2000,clean,94%,75%,100%,,
4_Eur,SVK,Slovakia,2000,polluting,6%,0%,25%,,
4_Eur,SVK,Slovakia,2005,clean,>95%,,,,
4_Eur,SVK,Slovakia,2005,polluting,<5%,,,,
4_Eur,SVK,Slovakia,2010,clean,>95%,,,,
4_Eur,SVK,Slovakia,2010,polluting,<5%,,,,
4_Eur,SVK,Slovakia,2015,clean,>95%,,,,
4_Eur,SVK,Slovakia,2015,polluting,<5%,,,,
4_Eur,SVK,Slovakia,2016,clean,>95%,,,,
4_Eur,SVK,Slovakia,2016,polluting,<5%,,,,
4_Eur,SVN,Slovenia,2000,clean,89%,76%,98%,,
4_Eur,SVN,Slovenia,2000,polluting,11%,2%,24%,,
4_Eur,SVN,Slovenia,2005,clean,93%,83%,99%,,
4_Eur,SVN,Slovenia,2005,polluting,7%,1%,17%,,
4_Eur,SVN,Slovenia,2010,clean,95%,86%,99%,,
4_Eur,SVN,Slovenia,2010,polluting,5%,1%,14%,,
4_Eur,SVN,Slovenia,2015,clean,>95%,,,,
4_Eur,SVN,Slovenia,2015,polluting,<5%,,,,
4_Eur,SVN,Slovenia,2016,clean,>95%,,,,
4_Eur,SVN,Slovenia,2016,polluting,<5%,,,,
6_Wpr,SLB,Solomon Islands,2000,clean,6%,1%,14%,,
6_Wpr,SLB,Solomon Islands,2000,polluting,94%,86%,99%,,
6_Wpr,SLB,Solomon Islands,2005,clean,7%,2%,14%,,
6_Wpr,SLB,Solomon Islands,2005,polluting,93%,86%,98%,,
6_Wpr,SLB,Solomon Islands,2010,clean,8%,3%,15%,,
6_Wpr,SLB,Solomon Islands,2010,polluting,92%,85%,97%,,
6_Wpr,SLB,Solomon Islands,2015,clean,8%,3%,17%,,
6_Wpr,SLB,Solomon Islands,2015,polluting,92%,83%,97%,,
6_Wpr,SLB,Solomon Islands,2016,clean,8%,3%,17%,,
6_Wpr,SLB,Solomon Islands,2016,polluting,92%,83%,97%,,
5_Emr,SOM,Somalia,2000,clean,<5%,,,,
5_Emr,SOM,Somalia,2000,polluting,>95%,,,,
5_Emr,SOM,Somalia,2005,clean,<5%,,,,
5_Emr,SOM,Somalia,2005,polluting,>95%,,,,
5_Emr,SOM,Somalia,2010,clean,<5%,,,,
5_Emr,SOM,Somalia,2010,polluting,>95%,,,,
5_Emr,SOM,Somalia,2015,clean,<5%,,,,
5_Emr,SOM,Somalia,2015,polluting,>95%,,,,
5_Emr,SOM,Somalia,2016,clean,<5%,,,,
5_Emr,SOM,Somalia,2016,polluting,>95%,,,,
1_Afr,ZAF,South Africa,2000,clean,56%,48%,65%,,
1_Afr,ZAF,South Africa,2000,polluting,44%,35%,52%,,
1_Afr,ZAF,South Africa,2005,clean,68%,59%,75%,,
1_Afr,ZAF,South Africa,2005,polluting,32%,25%,41%,,
1_Afr,ZAF,South Africa,2010,clean,77%,69%,84%,,
1_Afr,ZAF,South Africa,2010,polluting,23%,17%,31%,,
1_Afr,ZAF,South Africa,2015,clean,84%,76%,90%,,
1_Afr,ZAF,South Africa,2015,polluting,16%,10%,24%,,
1_Afr,ZAF,South Africa,2016,clean,85%,78%,91%,,
1_Afr,ZAF,South Africa,2016,polluting,15%,10%,22%,,
1_Afr,SSD,South Sudan,2000,clean,<5%,,,,
1_Afr,SSD,South Sudan,2000,polluting,>95%,,,,
1_Afr,SSD,South Sudan,2005,clean,<5%,,,,
1_Afr,SSD,South Sudan,2005,polluting,>95%,,,,
1_Afr,SSD,South Sudan,2010,clean,<5%,,,,
1_Afr,SSD,South Sudan,2010,polluting,>95%,,,,
1_Afr,SSD,South Sudan,2015,clean,<5%,,,,
1_Afr,SSD,South Sudan,2015,polluting,>95%,,,,
1_Afr,SSD,South Sudan,2016,clean,<5%,,,,
1_Afr,SSD,South Sudan,2016,polluting,>95%,,,,
4_Eur,ESP,Spain,2000,clean,>95%,,,,
4_Eur,ESP,Spain,2000,polluting,<5%,,,,
4_Eur,ESP,Spain,2005,clean,>95%,,,,
4_Eur,ESP,Spain,2005,polluting,<5%,,,,
4_Eur,ESP,Spain,2010,clean,>95%,,,,
4_Eur,ESP,Spain,2010,polluting,<5%,,,,
4_Eur,ESP,Spain,2015,clean,>95%,,,,
4_Eur,ESP,Spain,2015,polluting,<5%,,,,
4_Eur,ESP,Spain,2016,clean,>95%,,,,
4_Eur,ESP,Spain,2016,polluting,<5%,,,,
3_Sear,LKA,Sri Lanka,2000,clean,16%,4%,31%,,
3_Sear,LKA,Sri Lanka,2000,polluting,84%,69%,96%,,
3_Sear,LKA,Sri Lanka,2005,clean,19%,7%,34%,,
3_Sear,LKA,Sri Lanka,2005,polluting,81%,66%,93%,,
3_Sear,LKA,Sri Lanka,2010,clean,22%,9%,39%,,
3_Sear,LKA,Sri Lanka,2010,polluting,78%,61%,91%,,
3_Sear,LKA,Sri Lanka,2015,clean,25%,10%,44%,,
3_Sear,LKA,Sri Lanka,2015,polluting,75%,56%,90%,,
3_Sear,LKA,Sri Lanka,2016,clean,26%,10%,46%,,
3_Sear,LKA,Sri Lanka,2016,polluting,74%,54%,90%,,
5_Emr,SDN,Sudan,2000,clean,14%,6%,25%,,
5_Emr,SDN,Sudan,2000,polluting,86%,75%,94%,,
5_Emr,SDN,Sudan,2005,clean,21%,11%,32%,,
5_Emr,SDN,Sudan,2005,polluting,79%,68%,89%,,
5_Emr,SDN,Sudan,2010,clean,29%,18%,41%,,
5_Emr,SDN,Sudan,2010,polluting,71%,59%,82%,,
5_Emr,SDN,Sudan,2015,clean,39%,25%,54%,,
5_Emr,SDN,Sudan,2015,polluting,61%,46%,75%,,
5_Emr,SDN,Sudan,2016,clean,41%,27%,57%,,
5_Emr,SDN,Sudan,2016,polluting,59%,43%,73%,,
2_Amr,SUR,Suriname,2000,clean,80%,69%,89%,,
2_Amr,SUR,Suriname,2000,polluting,20%,11%,31%,,
2_Amr,SUR,Suriname,2005,clean,84%,76%,91%,,
2_Amr,SUR,Suriname,2005,polluting,16%,9%,24%,,
2_Amr,SUR,Suriname,2010,clean,87%,80%,93%,,
2_Amr,SUR,Suriname,2010,polluting,13%,7%,20%,,
2_Amr,SUR,Suriname,2015,clean,89%,82%,95%,,
2_Amr,SUR,Suriname,2015,polluting,11%,5%,18%,,
2_Amr,SUR,Suriname,2016,clean,90%,82%,95%,,
2_Amr,SUR,Suriname,2016,polluting,10%,5%,18%,,
1_Afr,SWZ,Swaziland,2000,clean,27%,18%,38%,,
1_Afr,SWZ,Swaziland,2000,polluting,73%,62%,82%,,
1_Afr,SWZ,Swaziland,2005,clean,35%,24%,46%,,
1_Afr,SWZ,Swaziland,2005,polluting,65%,54%,76%,,
1_Afr,SWZ,Swaziland,2010,clean,42%,30%,53%,,
1_Afr,SWZ,Swaziland,2010,polluting,58%,47%,70%,,
1_Afr,SWZ,Swaziland,2015,clean,49%,36%,60%,,
1_Afr,SWZ,Swaziland,2015,polluting,51%,40%,64%,,
1_Afr,SWZ,Swaziland,2016,clean,50%,38%,62%,,
1_Afr,SWZ,Swaziland,2016,polluting,50%,38%,62%,,
4_Eur,SWE,Sweden,2000,clean,>95%,,,,
4_Eur,SWE,Sweden,2000,polluting,<5%,,,,
4_Eur,SWE,Sweden,2005,clean,>95%,,,,
4_Eur,SWE,Sweden,2005,polluting,<5%,,,,
4_Eur,SWE,Sweden,2010,clean,>95%,,,,
4_Eur,SWE,Sweden,2010,polluting,<5%,,,,
4_Eur,SWE,Sweden,2015,clean,>95%,,,,
4_Eur,SWE,Sweden,2015,polluting,<5%,,,,
4_Eur,SWE,Sweden,2016,clean,>95%,,,,
4_Eur,SWE,Sweden,2016,polluting,<5%,,,,
4_Eur,CHE,Switzerland,2000,clean,>95%,,,,
4_Eur,CHE,Switzerland,2000,polluting,<5%,,,,
4_Eur,CHE,Switzerland,2005,clean,>95%,,,,
4_Eur,CHE,Switzerland,2005,polluting,<5%,,,,
4_Eur,CHE,Switzerland,2010,clean,>95%,,,,
4_Eur,CHE,Switzerland,2010,polluting,<5%,,,,
4_Eur,CHE,Switzerland,2015,clean,>95%,,,,
4_Eur,CHE,Switzerland,2015,polluting,<5%,,,,
4_Eur,CHE,Switzerland,2016,clean,>95%,,,,
4_Eur,CHE,Switzerland,2016,polluting,<5%,,,,
5_Emr,SYR,Syrian Arab Republic,2000,clean,>95%,,,,
5_Emr,SYR,Syrian Arab Republic,2000,polluting,<5%,,,,
5_Emr,SYR,Syrian Arab Republic,2005,clean,>95%,,,,
5_Emr,SYR,Syrian Arab Republic,2005,polluting,<5%,,,,
5_Emr,SYR,Syrian Arab Republic,2010,clean,>95%,,,,
5_Emr,SYR,Syrian Arab Republic,2010,polluting,<5%,,,,
5_Emr,SYR,Syrian Arab Republic,2015,clean,>95%,,,,
5_Emr,SYR,Syrian Arab Republic,2015,polluting,<5%,,,,
5_Emr,SYR,Syrian Arab Republic,2016,clean,>95%,,,,
5_Emr,SYR,Syrian Arab Republic,2016,polluting,<5%,,,,
4_Eur,TJK,Tajikistan,2000,clean,39%,22%,58%,,
4_Eur,TJK,Tajikistan,2000,polluting,61%,42%,78%,,
4_Eur,TJK,Tajikistan,2005,clean,54%,36%,71%,,
4_Eur,TJK,Tajikistan,2005,polluting,46%,29%,64%,,
4_Eur,TJK,Tajikistan,2010,clean,67%,48%,84%,,
4_Eur,TJK,Tajikistan,2010,polluting,33%,16%,52%,,
4_Eur,TJK,Tajikistan,2015,clean,79%,59%,93%,,
4_Eur,TJK,Tajikistan,2015,polluting,21%,7%,41%,,
4_Eur,TJK,Tajikistan,2016,clean,80%,62%,94%,,
4_Eur,TJK,Tajikistan,2016,polluting,20%,6%,38%,,
3_Sear,THA,Thailand,2000,clean,68%,49%,84%,,
3_Sear,THA,Thailand,2000,polluting,32%,16%,51%,,
3_Sear,THA,Thailand,2005,clean,70%,51%,86%,,
3_Sear,THA,Thailand,2005,polluting,30%,14%,49%,,
3_Sear,THA,Thailand,2010,clean,72%,54%,87%,,
3_Sear,THA,Thailand,2010,polluting,28%,13%,46%,,
3_Sear,THA,Thailand,2015,clean,74%,56%,89%,,
3_Sear,THA,Thailand,2015,polluting,26%,11%,44%,,
3_Sear,THA,Thailand,2016,clean,74%,55%,90%,,
3_Sear,THA,Thailand,2016,polluting,26%,10%,45%,,
4_Eur,MKD,The former Yugoslav Republic of Macedonia,2000,clean,44%,23%,66%,,
4_Eur,MKD,The former Yugoslav Republic of Macedonia,2000,polluting,56%,34%,77%,,
4_Eur,MKD,The former Yugoslav Republic of Macedonia,2005,clean,52%,35%,69%,,
4_Eur,MKD,The former Yugoslav Republic of Macedonia,2005,polluting,48%,31%,65%,,
4_Eur,MKD,The former Yugoslav Republic of Macedonia,2010,clean,59%,43%,74%,,
4_Eur,MKD,The former Yugoslav Republic of Macedonia,2010,polluting,41%,26%,57%,,
4_Eur,MKD,The former Yugoslav Republic of Macedonia,2015,clean,65%,47%,80%,,
4_Eur,MKD,The former Yugoslav Republic of Macedonia,2015,polluting,35%,20%,53%,,
4_Eur,MKD,The former Yugoslav Republic of Macedonia,2016,clean,66%,47%,81%,,
4_Eur,MKD,The former Yugoslav Republic of Macedonia,2016,polluting,34%,19%,53%,,
3_Sear,TLS,Timor-Leste,2000,clean,<5%,,,,
3_Sear,TLS,Timor-Leste,2000,polluting,>95%,,,,
3_Sear,TLS,Timor-Leste,2005,clean,<5%,,,,
3_Sear,TLS,Timor-Leste,2005,polluting,>95%,,,,
3_Sear,TLS,Timor-Leste,2010,clean,<5%,,,,
3_Sear,TLS,Timor-Leste,2010,polluting,>95%,,,,
3_Sear,TLS,Timor-Leste,2015,clean,7%,1%,19%,,
3_Sear,TLS,Timor-Leste,2015,polluting,93%,81%,99%,,
3_Sear,TLS,Timor-Leste,2016,clean,7%,1%,20%,,
3_Sear,TLS,Timor-Leste,2016,polluting,93%,80%,99%,,
1_Afr,TGO,Togo,2000,clean,<5%,,,,
1_Afr,TGO,Togo,2000,polluting,>95%,,,,
1_Afr,TGO,Togo,2005,clean,<5%,,,,
1_Afr,TGO,Togo,2005,polluting,>95%,,,,
1_Afr,TGO,Togo,2010,clean,<5%,,,,
1_Afr,TGO,Togo,2010,polluting,>95%,,,,
1_Afr,TGO,Togo,2015,clean,6%,2%,13%,,
1_Afr,TGO,Togo,2015,polluting,94%,87%,98%,,
1_Afr,TGO,Togo,2016,clean,7%,2%,14%,,
1_Afr,TGO,Togo,2016,polluting,93%,86%,98%,,
6_Wpr,TON,Tonga,2000,clean,48%,26%,70%,,
6_Wpr,TON,Tonga,2000,polluting,52%,30%,74%,,
6_Wpr,TON,Tonga,2005,clean,53%,37%,69%,,
6_Wpr,TON,Tonga,2005,polluting,47%,31%,64%,,
6_Wpr,TON,Tonga,2010,clean,56%,40%,72%,,
6_Wpr,TON,Tonga,2010,polluting,44%,28%,60%,,
6_Wpr,TON,Tonga,2015,clean,59%,39%,78%,,
6_Wpr,TON,Tonga,2015,polluting,41%,22%,61%,,
6_Wpr,TON,Tonga,2016,clean,59%,38%,79%,,
6_Wpr,TON,Tonga,2016,polluting,41%,21%,62%,,
2_Amr,TTO,Trinidad and Tobago,2000,clean,>95%,,,,
2_Amr,TTO,Trinidad and Tobago,2000,polluting,<5%,,,,
2_Amr,TTO,Trinidad and Tobago,2005,clean,>95%,,,,
2_Amr,TTO,Trinidad and Tobago,2005,polluting,<5%,,,,
2_Amr,TTO,Trinidad and Tobago,2010,clean,>95%,,,,
2_Amr,TTO,Trinidad and Tobago,2010,polluting,<5%,,,,
2_Amr,TTO,Trinidad and Tobago,2015,clean,>95%,,,,
2_Amr,TTO,Trinidad and Tobago,2015,polluting,<5%,,,,
2_Amr,TTO,Trinidad and Tobago,2016,clean,>95%,,,,
2_Amr,TTO,Trinidad and Tobago,2016,polluting,<5%,,,,
5_Emr,TUN,Tunisia,2000,clean,93%,86%,98%,,
5_Emr,TUN,Tunisia,2000,polluting,7%,2%,14%,,
5_Emr,TUN,Tunisia,2005,clean,>95%,,,,
5_Emr,TUN,Tunisia,2005,polluting,<5%,,,,
5_Emr,TUN,Tunisia,2010,clean,>95%,,,,
5_Emr,TUN,Tunisia,2010,polluting,<5%,,,,
5_Emr,TUN,Tunisia,2015,clean,>95%,,,,
5_Emr,TUN,Tunisia,2015,polluting,<5%,,,,
5_Emr,TUN,Tunisia,2016,clean,>95%,,,,
5_Emr,TUN,Tunisia,2016,polluting,<5%,,,,
4_Eur,TUR,Turkey,2000,clean,NA,NA,NA,,
4_Eur,TUR,Turkey,2000,polluting,NA,NA,NA,,
4_Eur,TUR,Turkey,2005,clean,NA,NA,NA,,
4_Eur,TUR,Turkey,2005,polluting,NA,NA,NA,,
4_Eur,TUR,Turkey,2010,clean,NA,NA,NA,,
4_Eur,TUR,Turkey,2010,polluting,NA,NA,NA,,
4_Eur,TUR,Turkey,2015,clean,NA,NA,NA,,
4_Eur,TUR,Turkey,2015,polluting,NA,NA,NA,,
4_Eur,TUR,Turkey,2016,clean,NA,NA,NA,,
4_Eur,TUR,Turkey,2016,polluting,NA,NA,NA,,
4_Eur,TKM,Turkmenistan,2000,clean,>95%,,,,
4_Eur,TKM,Turkmenistan,2000,polluting,<5%,,,,
4_Eur,TKM,Turkmenistan,2005,clean,>95%,,,,
4_Eur,TKM,Turkmenistan,2005,polluting,<5%,,,,
4_Eur,TKM,Turkmenistan,2010,clean,>95%,,,,
4_Eur,TKM,Turkmenistan,2010,polluting,<5%,,,,
4_Eur,TKM,Turkmenistan,2015,clean,>95%,,,,
4_Eur,TKM,Turkmenistan,2015,polluting,<5%,,,,
4_Eur,TKM,Turkmenistan,2016,clean,>95%,,,,
4_Eur,TKM,Turkmenistan,2016,polluting,<5%,,,,
6_Wpr,TUV,Tuvalu,2000,clean,19%,0%,57%,,
6_Wpr,TUV,Tuvalu,2000,polluting,81%,43%,100%,,
6_Wpr,TUV,Tuvalu,2005,clean,26%,4%,60%,,
6_Wpr,TUV,Tuvalu,2005,polluting,74%,40%,96%,,
6_Wpr,TUV,Tuvalu,2010,clean,38%,9%,71%,,
6_Wpr,TUV,Tuvalu,2010,polluting,62%,29%,91%,,
6_Wpr,TUV,Tuvalu,2015,clean,49%,6%,84%,,
6_Wpr,TUV,Tuvalu,2015,polluting,52%,16%,94%,,
6_Wpr,TUV,Tuvalu,2016,clean,50%,6%,86%,,
6_Wpr,TUV,Tuvalu,2016,polluting,50%,14%,94%,,
1_Afr,UGA,Uganda,2000,clean,<5%,,,,
1_Afr,UGA,Uganda,2000,polluting,>95%,,,,
1_Afr,UGA,Uganda,2005,clean,<5%,,,,
1_Afr,UGA,Uganda,2005,polluting,>95%,,,,
1_Afr,UGA,Uganda,2010,clean,<5%,,,,
1_Afr,UGA,Uganda,2010,polluting,>95%,,,,
1_Afr,UGA,Uganda,2015,clean,<5%,,,,
1_Afr,UGA,Uganda,2015,polluting,>95%,,,,
1_Afr,UGA,Uganda,2016,clean,<5%,,,,
1_Afr,UGA,Uganda,2016,polluting,>95%,,,,
4_Eur,UKR,Ukraine,2000,clean,88%,74%,97%,,
4_Eur,UKR,Ukraine,2000,polluting,12%,3%,26%,,
4_Eur,UKR,Ukraine,2005,clean,92%,82%,98%,,
4_Eur,UKR,Ukraine,2005,polluting,8%,2%,18%,,
4_Eur,UKR,Ukraine,2010,clean,94%,85%,99%,,
4_Eur,UKR,Ukraine,2010,polluting,6%,1%,15%,,
4_Eur,UKR,Ukraine,2015,clean,>95%,,,,
4_Eur,UKR,Ukraine,2015,polluting,<5%,,,,
4_Eur,UKR,Ukraine,2016,clean,>95%,,,,
4_Eur,UKR,Ukraine,2016,polluting,<5%,,,,
5_Emr,ARE,United Arab Emirates,2000,clean,>95%,,,,
5_Emr,ARE,United Arab Emirates,2000,polluting,<5%,,,,
5_Emr,ARE,United Arab Emirates,2005,clean,>95%,,,,
5_Emr,ARE,United Arab Emirates,2005,polluting,<5%,,,,
5_Emr,ARE,United Arab Emirates,2010,clean,>95%,,,,
5_Emr,ARE,United Arab Emirates,2010,polluting,<5%,,,,
5_Emr,ARE,United Arab Emirates,2015,clean,>95%,,,,
5_Emr,ARE,United Arab Emirates,2015,polluting,<5%,,,,
5_Emr,ARE,United Arab Emirates,2016,clean,>95%,,,,
5_Emr,ARE,United Arab Emirates,2016,polluting,<5%,,,,
4_Eur,GBR,United Kingdom,2000,clean,>95%,,,,
4_Eur,GBR,United Kingdom,2000,polluting,<5%,,,,
4_Eur,GBR,United Kingdom,2005,clean,>95%,,,,
4_Eur,GBR,United Kingdom,2005,polluting,<5%,,,,
4_Eur,GBR,United Kingdom,2010,clean,>95%,,,,
4_Eur,GBR,United Kingdom,2010,polluting,<5%,,,,
4_Eur,GBR,United Kingdom,2015,clean,>95%,,,,
4_Eur,GBR,United Kingdom,2015,polluting,<5%,,,,
4_Eur,GBR,United Kingdom,2016,clean,>95%,,,,
4_Eur,GBR,United Kingdom,2016,polluting,<5%,,,,
1_Afr,TZA,United Republic of Tanzania,2000,clean,<5%,,,,
1_Afr,TZA,United Republic of Tanzania,2000,polluting,>95%,,,,
1_Afr,TZA,United Republic of Tanzania,2005,clean,<5%,,,,
1_Afr,TZA,United Republic of Tanzania,2005,polluting,>95%,,,,
1_Afr,TZA,United Republic of Tanzania,2010,clean,<5%,,,,
1_Afr,TZA,United Republic of Tanzania,2010,polluting,>95%,,,,
1_Afr,TZA,United Republic of Tanzania,2015,clean,<5%,,,,
1_Afr,TZA,United Republic of Tanzania,2015,polluting,>95%,,,,
1_Afr,TZA,United Republic of Tanzania,2016,clean,<5%,,,,
1_Afr,TZA,United Republic of Tanzania,2016,polluting,>95%,,,,
2_Amr,USA,United States of America,2000,clean,>95%,,,,
2_Amr,USA,United States of America,2000,polluting,<5%,,,,
2_Amr,USA,United States of America,2005,clean,>95%,,,,
2_Amr,USA,United States of America,2005,polluting,<5%,,,,
2_Amr,USA,United States of America,2010,clean,>95%,,,,
2_Amr,USA,United States of America,2010,polluting,<5%,,,,
2_Amr,USA,United States of America,2015,clean,>95%,,,,
2_Amr,USA,United States of America,2015,polluting,<5%,,,,
2_Amr,USA,United States of America,2016,clean,>95%,,,,
2_Amr,USA,United States of America,2016,polluting,<5%,,,,
2_Amr,URY,Uruguay,2000,clean,>95%,,,,
2_Amr,URY,Uruguay,2000,polluting,<5%,,,,
2_Amr,URY,Uruguay,2005,clean,>95%,,,,
2_Amr,URY,Uruguay,2005,polluting,<5%,,,,
2_Amr,URY,Uruguay,2010,clean,>95%,,,,
2_Amr,URY,Uruguay,2010,polluting,<5%,,,,
2_Amr,URY,Uruguay,2015,clean,>95%,,,,
2_Amr,URY,Uruguay,2015,polluting,<5%,,,,
2_Amr,URY,Uruguay,2016,clean,>95%,,,,
2_Amr,URY,Uruguay,2016,polluting,<5%,,,,
4_Eur,UZB,Uzbekistan,2000,clean,80%,66%,90%,,
4_Eur,UZB,Uzbekistan,2000,polluting,20%,10%,34%,,
4_Eur,UZB,Uzbekistan,2005,clean,85%,74%,94%,,
4_Eur,UZB,Uzbekistan,2005,polluting,15%,6%,26%,,
4_Eur,UZB,Uzbekistan,2010,clean,89%,78%,97%,,
4_Eur,UZB,Uzbekistan,2010,polluting,11%,3%,22%,,
4_Eur,UZB,Uzbekistan,2015,clean,92%,80%,99%,,
4_Eur,UZB,Uzbekistan,2015,polluting,8%,1%,20%,,
4_Eur,UZB,Uzbekistan,2016,clean,92%,79%,99%,,
4_Eur,UZB,Uzbekistan,2016,polluting,8%,1%,21%,,
6_Wpr,VUT,Vanuatu,2000,clean,12%,3%,23%,,
6_Wpr,VUT,Vanuatu,2000,polluting,88%,77%,97%,,
6_Wpr,VUT,Vanuatu,2005,clean,12%,5%,21%,,
6_Wpr,VUT,Vanuatu,2005,polluting,88%,79%,95%,,
6_Wpr,VUT,Vanuatu,2010,clean,13%,6%,21%,,
6_Wpr,VUT,Vanuatu,2010,polluting,87%,79%,94%,,
6_Wpr,VUT,Vanuatu,2015,clean,13%,6%,23%,,
6_Wpr,VUT,Vanuatu,2015,polluting,87%,77%,94%,,
6_Wpr,VUT,Vanuatu,2016,clean,13%,5%,24%,,
6_Wpr,VUT,Vanuatu,2016,polluting,87%,76%,95%,,
2_Amr,VEN,Venezuela (Bolivarian Republic of),2000,clean,>95%,,,,
2_Amr,VEN,Venezuela (Bolivarian Republic of),2000,polluting,<5%,,,,
2_Amr,VEN,Venezuela (Bolivarian Republic of),2005,clean,>95%,,,,
2_Amr,VEN,Venezuela (Bolivarian Republic of),2005,polluting,<5%,,,,
2_Amr,VEN,Venezuela (Bolivarian Republic of),2010,clean,>95%,,,,
2_Amr,VEN,Venezuela (Bolivarian Republic of),2010,polluting,<5%,,,,
2_Amr,VEN,Venezuela (Bolivarian Republic of),2015,clean,>95%,,,,
2_Amr,VEN,Venezuela (Bolivarian Republic of),2015,polluting,<5%,,,,
2_Amr,VEN,Venezuela (Bolivarian Republic of),2016,clean,>95%,,,,
2_Amr,VEN,Venezuela (Bolivarian Republic of),2016,polluting,<5%,,,,
6_Wpr,VNM,Viet Nam,2000,clean,14%,8%,22%,,
6_Wpr,VNM,Viet Nam,2000,polluting,86%,78%,92%,,
6_Wpr,VNM,Viet Nam,2005,clean,29%,21%,40%,,
6_Wpr,VNM,Viet Nam,2005,polluting,71%,61%,79%,,
6_Wpr,VNM,Viet Nam,2010,clean,47%,35%,58%,,
6_Wpr,VNM,Viet Nam,2010,polluting,53%,42%,65%,,
6_Wpr,VNM,Viet Nam,2015,clean,64%,51%,75%,,
6_Wpr,VNM,Viet Nam,2015,polluting,36%,25%,49%,,
6_Wpr,VNM,Viet Nam,2016,clean,67%,55%,78%,,
6_Wpr,VNM,Viet Nam,2016,polluting,33%,22%,45%,,
5_Emr,YEM,Yemen,2000,clean,52%,34%,68%,,
5_Emr,YEM,Yemen,2000,polluting,48%,32%,66%,,
5_Emr,YEM,Yemen,2005,clean,57%,44%,68%,,
5_Emr,YEM,Yemen,2005,polluting,43%,32%,56%,,
5_Emr,YEM,Yemen,2010,clean,61%,50%,71%,,
5_Emr,YEM,Yemen,2010,polluting,39%,29%,50%,,
5_Emr,YEM,Yemen,2015,clean,64%,52%,76%,,
5_Emr,YEM,Yemen,2015,polluting,36%,24%,48%,,
5_Emr,YEM,Yemen,2016,clean,65%,52%,78%,,
5_Emr,YEM,Yemen,2016,polluting,35%,22%,48%,,
1_Afr,ZMB,Zambia,2000,clean,14%,9%,20%,,
1_Afr,ZMB,Zambia,2000,polluting,86%,80%,91%,,
1_Afr,ZMB,Zambia,2005,clean,15%,9%,21%,,
1_Afr,ZMB,Zambia,2005,polluting,85%,79%,91%,,
1_Afr,ZMB,Zambia,2010,clean,15%,10%,22%,,
1_Afr,ZMB,Zambia,2010,polluting,85%,78%,90%,,
1_Afr,ZMB,Zambia,2015,clean,16%,10%,23%,,
1_Afr,ZMB,Zambia,2015,polluting,84%,77%,90%,,
1_Afr,ZMB,Zambia,2016,clean,16%,10%,24%,,
1_Afr,ZMB,Zambia,2016,polluting,84%,76%,90%,,
1_Afr,ZWE,Zimbabwe,2000,clean,32%,23%,42%,,
1_Afr,ZWE,Zimbabwe,2000,polluting,68%,58%,77%,,
1_Afr,ZWE,Zimbabwe,2005,clean,32%,23%,40%,,
1_Afr,ZWE,Zimbabwe,2005,polluting,68%,60%,77%,,
1_Afr,ZWE,Zimbabwe,2010,clean,30%,22%,39%,,
1_Afr,ZWE,Zimbabwe,2010,polluting,70%,61%,78%,,
1_Afr,ZWE,Zimbabwe,2015,clean,29%,21%,38%,,
1_Afr,ZWE,Zimbabwe,2015,polluting,71%,62%,79%,,
1_Afr,ZWE,Zimbabwe,2016,clean,29%,20%,38%,,
1_Afr,ZWE,Zimbabwe,2016,polluting,71%,62%,80%,,
,,,,,,,,,
